rate_ave,genres,revenue,rate_cnt,popularity,mid,crew,releasedate,cast,studio,budget,title,runtime
3.90782,Animation|Comedy|Family,361958736,56564,27.8962,1,job:Director|name:JohnLasseter|job:Screenplay|name:JossWhedon|job:Screenplay|name:AndrewStanton|job:Screenplay|name:JoelCohen|job:Screenplay|name:AlecSokolow|job:Producer|name:BonnieArnold|job:ExecutiveProducer|name:EdCatmull|job:Producer|name:RalphGuggenheim|job:ExecutiveProducer|name:SteveJobs|job:OriginalMusicComposer|name:RandyNewman|job:Editor|name:RobertGordon|job:Editor|name:LeeUnkrich|job:ArtDirection|name:RalphEggleston|job:Storyboard|name:MikeCachuela|job:Animation|name:KimBlanchette,11/21/1995,character:Woody(voice)|name:TomHanks|character:BuzzLightyear(voice)|name:TimAllen|character:Mr.PotatoHead(voice)|name:DonRickles|character:SlinkyDog(voice)|name:JimVarney|character:Rex(voice)|name:WallaceShawn|character:Hamm(voice)|name:JohnRatzenberger|character:BoPeep(voice)|name:AnniePotts|character:Andy(voice)|name:JohnMorris|character:Sid(voice)|name:ErikvonDetten|character:Andy'sMom(voice)|name:LaurieMetcalf|character:Sergeant(voice)|name:R.LeeErmey,WaltDisneyPictures|PixarAnimationStudios,30000000,ToyStory,81
3.21858,Adventure|Fantasy|Family,262797249,23138,9.44499,2,job:Director|name:JoeJohnston|job:Novel|name:ChrisVanAllsburg|job:Screenplay|name:JonathanHensleigh|job:Screenplay|name:GregTaylor|job:Screenplay|name:JimStrain|job:Producer|name:WilliamTeitler|job:Producer|name:ScottKroopf|job:DirectorofPhotography|name:ThomasE.Ackerman|job:ExecutiveProducer|name:RobertW.Cort|job:ExecutiveProducer|name:TedField|job:ExecutiveProducer|name:LarryJ.Franco|job:Editor|name:RobertDalva|job:OriginalMusicComposer|name:JamesHorner|job:ProductionDesign|name:JamesD.Bissell,12/15/1995,character:AlanParrish|name:RobinWilliams|character:JudySheperd|name:KirstenDunst|character:SamuelAlanParrish/VanPelt|name:JonathanHyde|character:SarahWhittle|name:BonnieHunt|character:CarolAnneParrish|name:PatriciaClarkson|character:Mrs.ThomastheRealtor|name:GillianBarber|character:SarahWhittle(young)|name:LauraBellBundy|character:AlanParrish(young)|name:AdamHann-Byrd|character:PeterShepherd|name:BradleyPierce|character:NoraShepherd|name:BebeNeuwirth|character:CarlBentley|name:DavidAlanGrier,TriStarPictures|TeitlerFilm|InterscopeCommunications,65000000,Jumanji,104
3.1808,Romance|Comedy,0,15191,3.44296,3,job:Director|name:HowardDeutch|job:Characters|name:MarkStevenJohnson|job:Writer|name:MarkStevenJohnson,12/22/1995,character:MaxGoldman|name:WalterMatthau|character:JohnGustafson|name:JackLemmon|character:ArielGustafson|name:Ann-Margret|character:MariaSophiaColettaRagetti|name:SophiaLoren|character:MelanieGustafson|name:DarylHannah|character:GrandpaGustafson|name:BurgessMeredith|character:JacobGoldman|name:KevinPollak,WarnerBros.|LancasterGate,0,GrumpierOldMen,101
2.87889,Comedy|Drama|Romance,81452156,2923,1.98981,4,job:Director|name:ForestWhitaker|job:Novel|name:TerryMcMillan|job:Screenplay|name:TerryMcMillan|job:Screenplay|name:RonaldBass|job:Producer|name:RonaldBass|job:Producer|name:CaronK|job:ExecutiveProducer|name:TerryMcMillan|job:Producer|name:DeborahSchindler|job:Producer|name:EzraSwerdlow|job:OriginalMusicComposer|name:KennethEdmonds,12/22/1995,character:Savannah'Vannah'Jackson|name:WhitneyHouston|character:Bernadine'Bernie'Harris|name:AngelaBassett|character:Gloria'Glo'Matthews|name:LorettaDevine|character:RobinStokes|name:LelaRochon|character:MarvinKing|name:GregoryHines|character:KennethDawkins|name:DennisHaysbert|character:JohnHarris|Sr.|name:MichaelBeach|character:Troy|name:MykeltiWilliamson,TwentiethCenturyFoxFilmCorporation,16000000,WaitingtoExhale,127
3.08174,Comedy,76578911,14589,1.80002,5,job:Screenplay|name:NancyMeyers|job:Screenplay|name:AlbertHackett|job:OriginalMusicComposer|name:AlanSilvestri|job:Producer|name:NancyMeyers|job:Editor|name:AdamBernardi|job:DirectorofPhotography|name:ElliotDavis|job:Director|name:CharlesShyer,12/8/1995,character:GeorgeBanks|name:SteveMartin|character:NinaBanks|name:DianeKeaton|character:FranckEggelhoffer|name:MartinShort|character:AnnieBanks-MacKenzie|name:KimberlyWilliams-Paisley|character:BryanMacKenzie|name:GeorgeNewbern|character:MattyBanks|name:KieranCulkin|character:HowardWeinstein|name:BDWong|character:JohnMacKenzie|name:PeterMichaelGoetz|character:JoannaMacKenzie|name:KateMcGregor-Stewart|character:Dr.MeganEisenberg|name:JaneAdams|character:Mr.Habib|name:EugeneLevy,SandollarProductions|TouchstonePictures,0,FatheroftheBridePartII,106
3.83181,Action|Crime|Drama|Thriller,187436818,25863,18.4246,6,job:Director|name:MichaelMann|job:Screenplay|name:MichaelMann|job:Producer|name:ArtLinson|job:Producer|name:MichaelMann|job:OriginalMusicComposer|name:ElliotGoldenthal|job:DirectorofPhotography|name:DanteSpinotti|job:Editor|name:PasqualeBuba|job:Editor|name:WilliamGoldenberg|job:Editor|name:DovHoenig|job:Editor|name:TomRolf|job:Casting|name:BonnieTimmermann|job:ProductionDesign|name:NeilSpisak|job:ArtDirection|name:MargieStoneMcShirley|job:CostumeDesign|name:DeborahLynnScott|job:MakeupArtist|name:JohnCaglioneJr.|job:Hairstylist|name:VeraMitchell|job:MusicEditor|name:BillAbbott|job:SupervisingSoundEditor|name:PerHallberg|job:SpecialEffectsCoordinator|name:TerryD.Frazee|job:SpecialEffects|name:PaulH.HainesJr.|job:VisualEffectsSupervisor|name:NeilKrepela|job:StuntCoordinator|name:JoelKramer|job:Stunts|name:TonyBrubaker|job:SetDecoration|name:AnneH.Ahrens,12/15/1995,character:Lt.VincentHanna|name:AlPacino|character:NeilMcCauley|name:RobertDeNiro|character:ChrisShiherlis|name:ValKilmer|character:Nate|name:JonVoight|character:MichaelCheritto|name:TomSizemore|character:JustineHanna|name:DianeVenora|character:Eady|name:AmyBrenneman|character:CharleneShiherlis|name:AshleyJudd|character:SergeantDrucker|name:MykeltiWilliamson|character:DetectiveCasals|name:WesStudi|character:Bosko|name:TedLevine,WarnerBros.Pictures|RegencyEnterprises,60000000,Heat,171
3.37429,Comedy|Romance,0,14736,0.85173,7,job:Director|name:SydneyPollack|job:Screenplay|name:BarbaraBenedek|job:Producer|name:SydneyPollack|job:OriginalMusicComposer|name:JohnWilliams|job:Editor|name:FredricSteinkamp|job:Producer|name:ScottRudin|job:Music|name:JohnWilliams|job:Casting|name:DavidRubin|job:Casting|name:KateDowd,12/15/1995,character:LinusLarrabee|name:HarrisonFord|character:SabrinaFairchild|name:JuliaOrmond|character:DavidLarrabee|name:GregKinnear|character:Mrs.IngridTyson|name:AngieDickinson|character:MaudeLarrabee|name:NancyMarchand|character:Fairchild|name:JohnWood|character:PatrickTyson|name:RichardCrenna|character:ElizabethTyson|name:LaurenHolly|character:Mack|name:DanaIvey|character:Irene|name:FannyArdant|character:Louis|name:PatrickBruel,ParamountPictures|ScottRudinProductions|MirageEnterprises|SandollarProductions|ConstellationEntertainment|Worldwide|MontBlancEntertainmentGmbH,58000000,Sabrina,127
3.14457,Action|Adventure|Drama|Family,0,1463,2.22208,8,job:Director|name:PeterHewitt|job:Novel|name:MarkTwain|job:Screenplay|name:StephenSommers|job:Screenplay|name:DavidLoughery,12/22/1995,character:TomSawyer|name:JonathanTaylorThomas|character:HuckFinn|name:BradRenfro|character:BeckyThatcher|name:RachaelLeighCook|character:MuffPotter|name:MichaelMcShane|character:AuntPolly|name:AmyWright|character:InjunJoe|name:EricSchweig,WaltDisneyPictures,0,TomandHuck,97
3.01983,Action|Adventure|Thriller,64350171,4287,2.07899,9,job:Director|name:PeterHyams|job:Screenplay|name:KarenEliseBaldwin|job:Screenplay|name:GeneQuintano|job:Producer|name:MosheDiamant|job:Producer|name:AndersP.Jensen|job:Producer|name:HowardBaldwin|job:Music|name:JohnDebney|job:DirectorofPhotography|name:PeterHyams|job:Editor|name:StevenKemper,12/22/1995,character:DarrenFrancisThomasMcCord|name:Jean-ClaudeVanDamme|character:JoshuaFoss|name:PowersBoothe|character:MatthewHallmark|name:DorianHarewood|character:Vizepr\u00e4sidentDanielBender|name:RaymondJ.Barry|character:Tyler|name:RossMalinger|character:EmilyMcCord|name:WhittniWright,UniversalPictures|ImperialEntertainment|SignatureEntertainment,35000000,SuddenDeath,106
3.43824,Adventure|Action|Thriller,352194034,30847,15.2315,10,job:Director|name:MartinCampbell|job:Characters|name:IanFleming|job:Screenplay|name:JeffreyCaine|job:Screenplay|name:BruceFeirstein|job:Producer|name:BarbaraBroccoli|job:ExecutiveProducer|name:TomPevsner|job:OriginalMusicComposer|name:EricSerra|job:Songs|name:TinaTurner|job:DirectorofPhotography|name:PhilMeheux|job:Editor|name:TerryRawlings|job:Casting|name:DebbieMcWilliams|job:ProductionDesign|name:PeterLamont|job:ArtDirection|name:AndrewAckland-Snow|job:ArtDirection|name:KathrinBrunner|job:ArtDirection|name:CharlesDwightLee|job:SetDecoration|name:MichaelFord|job:CostumeDesign|name:LindyHemming|job:Producer|name:MichaelG.Wilson|job:Producer|name:AnthonyWaye,11/16/1995,character:JamesBond|name:PierceBrosnan|character:AlecTrevelyan|name:SeanBean|character:NatalyaFyodorovnaSimonova|name:IzabellaScorupco|character:XeniaOnatopp|name:FamkeJanssen|character:JackWade|name:JoeDonBaker|character:M|name:JudiDench|character:GeneralArkadyGrigorovichOurumov|name:GottfriedJohn|character:ValentinDmitrovichZukovsky|name:RobbieColtrane|character:BorisGrishenko|name:AlanCumming|character:DefenseMinisterDmitriMishkin|name:Tch\u00e9kyKaryo|character:Q|name:DesmondLlewelyn,UnitedArtists|EonProductions|Metro-Goldwyn-Mayer(MGM),58000000,GoldenEye,130
3.66726,Comedy|Drama|Romance,107879496,18920,1.09918,11,job:Director|name:RobReiner|job:Screenplay|name:AaronSorkin|job:Producer|name:RobReiner|job:Music|name:MarcShaiman|job:DirectorofPhotography|name:JohnSeale|job:Editor|name:RobertLeighton,11/17/1995,character:AndrewShepherd|name:MichaelDouglas|character:SydneyEllenWade|name:AnnetteBening|character:LewisRothschild|name:MichaelJ.Fox|character:A.J.MacInerney|name:MartinSheen|character:RobinMcCall|name:AnnaDeavereSmith|character:LucyShepherd|name:ShawnaWaldron|character:JanieBasdin|name:SamanthaMathis|character:LeonKodak|name:DavidPaymer|character:SenatorBobRumson|name:RichardDreyfuss|character:BethWade|name:NinaSiemaszko|character:SusanSloan|name:WendieMalick,ColumbiaPictures|CastleRockEntertainment,62000000,TheAmericanPresident,106
2.6662,Comedy|Horror,0,4257,3.92267,12,job:Director|name:MelBrooks|job:Producer|name:MelBrooks|job:Music|name:HummieMann|job:DirectorofPhotography|name:MichaelD.O'Shea|job:Editor|name:AdamWeiss|job:ExecutiveProducer|name:PeterSchindler|job:Screenplay|name:RudyDeLuca|job:Screenplay|name:SteveHaberman|job:Screenplay|name:MelBrooks,12/22/1995,character:CountDracula|name:LeslieNielsen|character:Prof.AbrahamVanHelsing|name:MelBrooks|character:MinaSeward|name:AmyYasbeck|character:ThomasRenfield|name:PeterMacNicol|character:LucyWestenra|name:LysetteAnthony|character:Dr.JackSeward|name:HarveyKorman|character:JonathanHarker|name:StevenWeber|character:Martin|name:MarkBlankfield|character:Essie|name:MeganCavanagh|character:Woodbridge|name:GreggBinkley,ColumbiaPictures|CastleRockEntertainment|EnigmaPictures,0,Dracula:DeadandLovingIt,88
3.29122,Family|Animation|Adventure,0,1595,3.4078,13,job:Director|name:SimonWells|job:Writer|name:DavidStevenCohen|job:Writer|name:ElanaLesser|job:Writer|name:CliffRuby|job:Writer|name:RogerS.H.Schulman|job:Animation|name:Jos\u00e9AntonioGarc\u00edaVillameriel|job:Animation|name:StephanFranck|job:BackgroundDesigner|name:LucDesmarchelier|job:SpecialEffects|name:LeonardF.W.Green|job:Animation|name:MickDeFalco|job:Animation|name:Jean-FrancoisRey|job:AnimationManager|name:HaraldKraut,12/22/1995,character:Balto(voice)|name:KevinBacon|character:BoristheGoose(voice)|name:BobHoskins|character:Jenna(voice)|name:BridgetFonda|character:SteeletheSledDog(voice)|name:JimCummings|character:MukandLuk(voice)|name:PhilCollins|character:GrandmaRosy(voice)|name:MiriamMargolyes,UniversalStudios|Amblimation,0,Balto,78
3.43193,History|Drama,13681765,6721,3.55323,14,job:Director|name:OliverStone|job:Screenplay|name:OliverStone|job:Producer|name:DanHalsted|job:OriginalMusicComposer|name:JohnWilliams|job:Screenplay|name:StephenJ.Rivele|job:DirectorofPhotography|name:RobertRichardson|job:Editor|name:BrianBerdan|job:Producer|name:OliverStone,12/22/1995,character:RichardNixon|name:AnthonyHopkins|character:PatNixon|name:JoanAllen|character:JohnEhrlichman|name:J.T.Walsh|character:HenryKissinger|name:PaulSorvino|character:E.HowardHunt|name:EdHarris|character:J.EdgarHoover|name:BobHoskins|character:JohnMitchell|name:E.G.Marshall|character:AlexanderHaig|name:PowersBoothe|character:RonZiegler|name:DavidPaymer|character:JohnDean|name:DavidHydePierce|character:HannahNixon|name:MarySteenburgen,HollywoodPictures|CinergiPicturesEntertainment,44000000,Nixon,192
2.72879,Action|Adventure,18517322,3005,2.3847,15,job:Director|name:RennyHarlin|job:Producer|name:JamesGorman|job:Producer|name:RennyHarlin|job:Producer|name:LaurenceMark|job:Producer|name:JoelB.Michaels|job:DirectorofPhotography|name:PeterLevy|job:Casting|name:MindyMarin|job:ProductionDesign|name:NormanGarwood|job:SetDecoration|name:MaggieGray|job:CostumeDesign|name:EnricoSabbatini|job:ExecutiveProducer|name:MarioKassar|job:Story|name:MichaelFrostBeckner|job:Story|name:JamesGorman|job:Screenplay|name:RobertKing|job:Screenplay|name:MarcNorman,12/22/1995,character:MorganAdams|name:GeenaDavis|character:WilliamShaw|name:MatthewModine|character:Dawg|name:FrankLangella|character:JohnReed|name:MauryChaykin|character:Ainstee|name:PatrickMalahide|character:Glasspoole|name:StanShaw|character:Mr.Blair|name:RexLinn|character:Snelgrave|name:PaulDillon,LeStudioCanal+|LaurenceMarkProductions|Metro-Goldwyn-Mayer(MGM)|CarolcoPictures,98000000,CutthroatIsland,119
3.77948,Drama|Crime,116112375,18781,10.6124,16,job:Director|name:MartinScorsese|job:Producer|name:BarbaraDeFina|job:DirectorofPhotography|name:RobertRichardson|job:Editor|name:ThelmaSchoonmaker|job:Casting|name:EllenLewis|job:ProductionDesign|name:DanteFerretti|job:Screenplay|name:MartinScorsese|job:Screenplay|name:NicholasPileggi|job:Novel|name:NicholasPileggi|job:Producer|name:JosephP.Reidy,11/22/1995,character:Sam'Ace'Rothstein|name:RobertDeNiro|character:GingerMcKenna|name:SharonStone|character:NickySantoro|name:JoePesci|character:LesterDiamond|name:JamesWoods|character:BillySherbert|name:DonRickles|character:AndyStone|name:AlanKing|character:PhillipGreen|name:KevinPollak|character:RemoGaggi|name:PasqualeCajano|character:PatWebb|name:L.Q.Jones|character:S\u00e9nateur|name:DickSmothers|character:FrankMarino|name:FrankVincent,UniversalPictures|L\u00e9gendeEntreprises|SyalisDA|DeFina-Cappa,52000000,Casino,178
3.96423,Drama|Romance,0,23289,3.28241,17,job:Director|name:AngLee|job:Novel|name:JaneAusten|job:Screenplay|name:EmmaThompson|job:Producer|name:LindsayDoran|job:ExecutiveProducer|name:SydneyPollack,12/13/1995,character:MarianneDashwood|name:KateWinslet|character:ElinorDashwood|name:EmmaThompson|character:EdwardFerrars|name:HughGrant|character:Mr.Dashwood|name:TomWilkinson|character:Col.ChristopherBrandon|name:AlanRickman|character:LucySteele|name:ImogenStubbs|character:JohnWilloughby|name:GregWise|character:Mr.Palmer|name:HughLaurie|character:CharlotteJenningsPalmer|name:ImeldaStaunton|character:SirJohnMiddleton|name:RobertHardy|character:DoctorHarris|name:OliverFordDavies,ColumbiaPictures,0,SenseandSensibility,136
3.39436,Comedy,4300000,5623,5.21198,18,job:OriginalMusicComposer|name:CombustibleEdison|job:ProductionDesign|name:GaryFrutkoff|job:SoundDesigner|name:LanceBrown|job:Director|name:AllisonAnders|job:Director|name:AlexandreRockwell|job:Director|name:RobertRodriguez|job:Director|name:QuentinTarantino|job:Producer|name:LawrenceBender|job:ExecutiveProducer|name:QuentinTarantino|job:ExecutiveProducer|name:AlexandreRockwell|job:Casting|name:RussellGray|job:ArtDirection|name:MayneBerke|job:SetDecoration|name:SaraAndrews|job:Writer|name:AllisonAnders|job:Writer|name:AlexandreRockwell|job:Writer|name:RobertRodriguez|job:Writer|name:QuentinTarantino|job:DirectorofPhotography|name:RodrigoGarc\u00eda|job:DirectorofPhotography|name:GuillermoNavarro|job:DirectorofPhotography|name:PhilParmet|job:DirectorofPhotography|name:AndrzejSekula|job:Editor|name:MargaretGoodspeed|job:Editor|name:ElenaMaganini|job:Editor|name:SallyMenke|job:Editor|name:RobertRodriguez|job:Co-Producer|name:PaulHellerman|job:Co-Producer|name:ScottLambert|job:Co-Producer|name:HeidiVogel,12/25/1995,character:ChesterRush|name:QuentinTarantino|character:Man|name:AntonioBanderas|character:Angela|name:JenniferBeals|character:Jezebel|name:SammiDavis|character:Diana|name:AmandadeCadenet|character:Athena|name:ValeriaGolino|character:Raven|name:LiliTaylor|character:Corpse|name:PatriciaVonne|character:Elspeth|name:Madonna|character:Leo|name:BruceWillis|character:LongHairYuppyScum|name:LawrenceBender,MiramaxFilms|ABandApart,4000000,FourRooms,98
2.6173,Comedy,212385533,22264,8.10137,19,job:Director|name:SteveOedekerk|job:Characters|name:JackBernstein|job:Screenplay|name:SteveOedekerk|job:ExecutiveProducer|name:GaryBarber|job:Producer|name:BobIsrael|job:Producer|name:AndrewG.LaMarca|job:Producer|name:JamesG.Robinson|job:OriginalMusicComposer|name:RobertFolk|job:DirectorofPhotography|name:DonaldE.Thorin|job:Editor|name:MalcolmCampbell,11/10/1995,character:AceVentura|name:JimCarrey|character:FultonGreenwall|name:IanMcNeice|character:VincentCadby|name:SimonCallow|character:Ouda|name:MaynardEziashi|character:BurtonQuinn|name:BobGunton|character:TheWachatiPrincess|name:SophieOkonedo|character:TheTinyWarrior|name:TommyDavidson|character:Hitu|name:AdewaleAkinnuoye-Agbaje|character:WachootooWitchDoctor|name:DannyD.Daniels|character:WachootooChief|name:SamMotoanaPhillips|character:WachatiChief|name:DamonStandifer,WarnerBros.Pictures|MorganCreekProductions,30000000,AceVentura:WhenNatureCalls,90
2.90145,Action|Comedy|Crime|Drama|Thriller,35431113,4485,3.83941,20,job:Director|name:JosephRuben|job:Screenplay|name:DougRichardson|job:Producer|name:NeilCanton|job:ExecutiveProducer|name:TracyBarone|job:ExecutiveProducer|name:AdamFields|job:Producer|name:JonPeters|job:ExecutiveProducer|name:FrederickS.Pierce|job:Music|name:MelissaEtheridge|job:Music|name:MarkMancina|job:DirectorofPhotography|name:JohnLindley|job:Editor|name:GeorgeBowers|job:Editor|name:BillPankow,11/21/1995,character:John|name:WesleySnipes|character:Charlie|name:WoodyHarrelson|character:GraceSantiago|name:JenniferLopez|character:DonaldPatterson|name:RobertBlake|character:Torch|name:ChrisCooper|character:Riley|name:JoeGrifasi|character:Mr.Brown|name:ScottSowers|character:Kowalski|name:SkippSudduth|character:WomanonPlatform|name:AidaTurturro|character:Gambler|name:VincentPastore|character:Dooley|name:EnricoColantoni,ColumbiaPictures,60000000,MoneyTrain,103
3.58029,Comedy|Thriller|Crime,72021008,24953,5.38902,21,job:Director|name:BarrySonnenfeld|job:Novel|name:ElmoreLeonard|job:Producer|name:DannyDeVito|job:Producer|name:MichaelShamberg|job:Producer|name:StaceySher|job:OriginalMusicComposer|name:JohnLurie|job:DirectorofPhotography|name:DonaldPeterman|job:ProductionDesign|name:PeterS.Larkin|job:Screenplay|name:ScottFrank,10/20/1995,character:ChiliPalmer|name:JohnTravolta|character:HarryZimm|name:GeneHackman|character:KarenFlores|name:ReneRusso|character:MartinWeir|name:DannyDeVito|character:Ray'Bones'Barboni|name:DennisFarina|character:BoCatlett|name:DelroyLindo|character:Bear|name:JamesGandolfini|character:RonnieWingate|name:JonGries|character:Nicki|name:ReneeProps|character:LeoDevoe|name:DavidPaymer|character:TommyCarlo|name:MartinFerrero,JerseyFilms|Metro-Goldwyn-Mayer(MGM),30250000,GetShorty,105
3.30156,Drama|Thriller,0,10789,1.01407,22,job:ExecutiveProducer|name:MarkTarlov|job:Director|name:JonAmiel|job:Editor|name:AlanHeim|job:Editor|name:JimClark|job:ExecutiveProducer|name:ArnonMilchan|job:Screenplay|name:DavidMadsen|job:Producer|name:ArnonMilchan|job:Producer|name:MarkTarlov|job:OriginalMusicComposer|name:ChristopherYoung|job:Screenplay|name:AnnBiderman|job:DirectorofPhotography|name:L\u00e1szl\u00f3Kov\u00e1cs|job:ExecutiveProducer|name:JosephM.CaraccioloJr.|job:Tonbearbeitung|name:ChrisNewman,10/27/1995,character:HelenHudson|name:SigourneyWeaver|character:M.J.Monahan|name:HollyHunter|character:NicoLetti|name:WillPatton|character:PeterFoley|name:WilliamMcNamara|character:DoryllLeeCullum|name:HarryConnickJr.|character:Lt.Quinn|name:J.E.Freeman|character:RubenGoetz|name:DermotMulroney|character:Andy|name:JohnRothman|character:SusanSchiffer|name:ShannonO'Hurley|character:Pachulski|name:BobGreene|character:Kerby|name:TonyHaney,WarnerBros.Pictures|RegencyEnterprises,0,Copycat,124
3.16042,Action|Adventure|Crime|Thriller,30303072,4566,5.84336,23,job:Casting|name:MarionDougherty|job:ArtDirection|name:SteveArnold|job:ArtDirection|name:NathanCrowley|job:ArtDirection|name:LeticiaStella|job:SupervisingArtDirector|name:DanielT.Dorrance|job:ProductionDesign|name:ThomasE.Sanders|job:SetDecoration|name:LisaDean|job:CostumeDesign|name:ElizabethMcBride|job:CostumeSupervisor|name:ChaBlevins|job:Director|name:RichardDonner|job:Author|name:AndyWachowski|job:Author|name:LanaWachowski|job:Music|name:MarkMancina|job:DirectorofPhotography|name:VilmosZsigmond|job:Editor|name:LawrenceJordan|job:Editor|name:RichardMarks|job:Producer|name:RichardDonner|job:Producer|name:BruceA.Evans|job:Producer|name:RaynoldGideon|job:Producer|name:AndrewLazar|job:ExecutiveProducer|name:LaurenShulerDonner|job:Producer|name:JoelSilver|job:Producer|name:JimVanWyck|job:ExecutiveProducer|name:DinoDeLaurentiis|job:DialogueEditor|name:MarshallWinn|job:SetDesigner|name:AlanManzer|job:SetDesigner|name:NoelleKing|job:SetDesigner|name:ChadGriffin|job:PropertyMaster|name:ErikL.Nelson|job:DialogueEditor|name:JohnF.Reynolds|job:DialogueEditor|name:CatherineFlynn|job:DialogueEditor|name:VirginiaCook-McGowan|job:Greensman|name:MichaelMcCombe|job:Leadman|name:StevenCurtisHusch|job:SetDesigner|name:GilbertWong|job:Hairstylist|name:CharleneJohnson|job:MakeupArtist|name:DeborahK.Larsen|job:ProductionSupervisor|name:JohnM.Woodward|job:MakeupArtist|name:ScottEddo|job:ArtDepartmentCoordinator|name:WendySkerritt|job:SupervisingSoundEditor|name:RobertG.Henderson|job:SoundEffectsEditor|name:PeggyMcAffee|job:Foley|name:KevinBartnof|job:Foley|name:CatherineRowe|job:SoundRe-RecordingMixer|name:RickAlexander|job:SoundRe-RecordingMixer|name:DavidE.Campbell|job:SoundRe-RecordingMixer|name:KevinE.Carpenter|job:SoundRe-RecordingMixer|name:LesFresholtz|job:SoundRe-RecordingMixer|name:JeffreyJ.Haboush|job:SoundRe-RecordingMixer|name:JohnT.Reitz|job:SoundRe-RecordingMixer|name:GreggRudloff|job:SoundRe-RecordingMixer|name:GregP.Russell|job:SpecialEffectsCoordinator|name:RafaelP\u00e9rez|job:StuntCoordinator|name:DickHancock|job:StillPhotographer|name:AndrewCooper|job:CameraOperator|name:RayDeLaMotte|job:CameraOperator|name:NealNorton|job:HelicopterCamera|name:FrankM.Holgate|job:AdditionalCamera|name:RobinBuerki|job:LightingTechnician|name:IanJennings|job:LightingTechnician|name:DavidR.Kohn|job:LightingTechnician|name:RaulJ.Marin|job:SetCostumer|name:EvaPrappas|job:SetCostumer|name:SallyRoberts|job:DialectCoach|name:JoyEllison|job:LocationManager|name:PatriciaFay|job:UnitPublicist|name:PeterJ.Silbermann|job:Screenplay|name:AndyWachowski|job:Screenplay|name:LanaWachowski|job:Screenplay|name:BrianHelgeland,10/6/1995,character:RobertRath|name:SylvesterStallone|character:MiguelBain|name:AntonioBanderas|character:Electra|name:JulianneMoore|character:NicolaiTashlinkov|name:AnatoliDavydov|character:Ketcham|name:MuseWatson|character:AlanBranch(asStephenKahan)|name:SteveKahan|character:Jennifer|Electra'sNeighbor|name:KellyRowan|character:Bob|name:ReedDiamond|character:Remy|name:KaiWulff|character:BuyerwithRemy|name:KerrySkalsky|character:BuyerwithRemy|name:JamesDouglasHaskins,SilverPictures|Canal+|WarnerBros.|Donner/Shuler-DonnerProductions|Evansgideon/Lazar,50000000,Assassins,132
3.18505,Drama|Fantasy|ScienceFiction|Thriller,0,8892,6.15424,24,job:Director|name:VictorSalva|job:Screenplay|name:VictorSalva|job:Producer|name:RogerBirnbaum|job:ExecutiveProducer|name:RileyKathrynEllis|job:Producer|name:DanielGrodnik|job:ExecutiveProducer|name:RobertSnukal|job:OriginalMusicComposer|name:JerryGoldsmith|job:DirectorofPhotography|name:JerzyZielinski|job:Editor|name:DennisM.Hill,10/27/1995,character:JessieCaldwell|name:MarySteenburgen|character:Jeremy'Powder'Reed|name:SeanPatrickFlanery|character:SheriffDougBarnum|name:LanceHenriksen|character:DonaldRipley|name:JeffGoldblum|character:DeputyHarleyDuncan|name:BrandonSmith,CaravanPictures|HollywoodPictures,0,Powder,111
3.6742,Drama|Romance,49800000,24019,4.1622,25,job:Director|name:MikeFiggis|job:Novel|name:JohnO'Brien|job:Screenplay|name:MikeFiggis|job:Producer|name:LilaCaz\u00e8s|job:LineProducer|name:MarcS.Fischer|job:ExecutiveProducer|name:StuartRegen|job:ExecutiveProducer|name:PaigeSimpson|job:Producer|name:AnnieStewart|job:OriginalMusicComposer|name:MikeFiggis|job:DirectorofPhotography|name:DeclanQuinn|job:Editor|name:JohnSmith|job:Casting|name:CarrieFrazier,10/27/1995,character:BenSanderson|name:NicolasCage|character:Sera|name:ElisabethShue|character:Yuri|name:JulianSands|character:Peter|name:RichardLewis|character:MarcNussbaum|name:StevenWeber|character:Sheila|name:KimAdams|character:Debbie|name:EmilyProcter|character:ManAtBar|name:StuartRegen|character:Terri|name:ValeriaGolino|character:L.A.Bartender|name:GrahamBeckel|character:Hookeratbar|name:MariskaHargitay,UnitedArtists|IntialProductions,3600000,LeavingLasVegas,112
3.61999,Drama,0,2967,1.48675,26,job:Director|name:OliverParker|job:Writer|name:WilliamShakespeare|job:Adaptation|name:OliverParker,12/15/1995,character:Othello|name:LaurenceFishburne|character:Desdemona|name:Ir\u00e8neJacob|character:Iago|name:KennethBranagh|character:Cassio|name:NathanielParker|character:Bianca|name:IndraOv\u00e9|character:Roderigo|name:MichaelMaloney|character:Emilia|name:AnnaPatrick|character:Montano|name:NicholasFarrell|character:Lodovico|name:MichaelSheen,ColumbiaPictures|CastleRockEntertainment,0,Othello,123
3.42967,Comedy|Drama|Family,27400000,1763,0.97539,27,job:Director|name:LeslieLinkaGlatter|job:Screenplay|name:I.MarleneKing|job:Producer|name:DemiMoore|job:ExecutiveProducer|name:JenniferTodd|job:Producer|name:SuzanneTodd|job:OriginalMusicComposer|name:CliffEidelman|job:DirectorofPhotography|name:UeliSteiger|job:Editor|name:JacquelineCambas,10/20/1995,character:YoungRobertaMartin|name:ChristinaRicci|character:Dr.RobertaMartin|name:RosieO'Donnell|character:Teeny|name:ThoraBirch|character:Tina'Teeny'Tercell|name:MelanieGriffith|character:YoungSamanthaAlbertson|name:GabyHoffmann|character:SamanthaAlbertson|name:DemiMoore|character:YoungChrissyDeWitt|name:AshleighAstonMoore|character:ChrissyDeWittWilliams|name:RitaWilson|character:CrazyPete|name:WalterSparrow|character:ScottWormer|name:DevonSawa|character:GrandmaAlbertson|name:ClorisLeachman,NewLineCinema,12000000,NowandThen,100
4.05369,Drama|Romance,0,3297,0.70503,28,job:Director|name:RogerMichell|job:Novel|name:JaneAusten|job:Screenplay|name:NickDear,9/27/1995,character:AnneElliott|name:AmandaRoot|character:CaptainFrederickWentworth|name:Ciar\u00e1nHinds|character:LadyRussell|name:SusanFleetwood|character:Mrs.Croft|name:FionaShaw|character:AdmiralCroft|name:JohnWoodvine|character:ElizabethElliot|name:PhoebeNicholls|character:Mr.Elliot|name:SamuelWest|character:MaryMusgrave|name:SophieThompson|character:Mrs.Musgrove|name:JudyCornwell|character:CharlesMusgrove|name:SimonRussellBeale|character:Mrs.Clay|name:FelicityDean,BBCFilms,0,Persuasion,104
3.92633,Fantasy|ScienceFiction|Adventure,1738611,9420,6.19917,29,job:Director|name:Jean-PierreJeunet|job:Screenplay|name:Jean-PierreJeunet|job:Producer|name:F\u00e9licieDutertre|job:Producer|name:Mar\u00edaVictoriaHebrero|job:Producer|name:Jos\u00e9LuisLopez|job:Producer|name:ArletteMas|job:Producer|name:ClaudieOssard|job:Producer|name:Fran\u00e7oisRabes|job:OriginalMusicComposer|name:AngeloBadalamenti|job:DirectorofPhotography|name:DariusKhondji|job:Editor|name:Herv\u00e9Schneid|job:Casting|name:Pierre-JacquesB\u00e9nichou|job:SetDecoration|name:JeanRabasse|job:SetDecoration|name:AlineBonetto|job:CostumeDesign|name:JeanPaulGaultier|job:SetDecoration|name:GeorgesMougine|job:SetDecoration|name:DenisOzenne|job:Screenplay|name:MarcCaro|job:ProductionDesign|name:MarcCaro|job:Director|name:MarcCaro|job:Screenplay|name:GillesAdrien,5/16/1995,character:One|name:RonPerlman|character:Scaphandrier/LesClones|name:DominiquePinon|character:Miette|name:JudithVittet|character:Krank|name:DanielEmilfork|character:Marcello|name:Jean-ClaudeDreyfus|character:laPieuvre|name:Genevi\u00e8veBrunet|character:laPieuvre|name:OdileMallet|character:MademoiselleBismuth|name:MireilleMoss\u00e9|character:GabrielMarie|name:SergeMerlin|character:Peeler|name:Rufus|character:Ex-acrobat|name:TickyHolgado,ConstellationProductions|ClaudieOssardProductions,18000000,TheCityofLostChildren,108
3.6435,Drama|Crime,0,1338,0.73415,30,job:Cinematography|name:L\u00fcYue|job:Director|name:ZhangYimou|job:Writer|name:BiFeiyu|job:Novel|name:LiXiao,4/30/1995,character:XiaoJingbao|name:GongLi|character:Tang|theGangBoss|name:LiBao-Tian|character:Shuisheng|theboy|name:WangXiaoxiao|character:Liu|6thUncle|name:LiXuejian|character:Song|Tang'sNo.2|name:ChunSung|character:Zheng|Tang'sNo.3|name:FuBiao,Minist\u00e8redesAffaires\u00c9trang\u00e8res|AlphaFilms|LaSeptCin\u00e9ma,0,ShanghaiTriad,108
3.24375,Drama|Crime,180000000,11120,2.15725,31,job:Director|name:JohnN.Smith|job:Screenplay|name:RonaldBass|job:Screenplay|name:LouAnneJohnson|job:Producer|name:DonSimpson|job:Producer|name:JerryBruckheimer|job:ExecutiveProducer|name:LucasFoster|job:ExecutiveProducer|name:KateGuinzburg|job:ExecutiveProducer|name:SandraRabins|job:Music|name:WendyMelvoin|job:Music|name:LisaColeman|job:Editor|name:TomRolf|job:DirectorofPhotography|name:PierreLetarte,8/11/1995,character:LouanneJohnson|name:MichellePfeiffer|character:HalGriffith|name:GeorgeDzundza|character:GeorgeGrandey|name:CourtneyB.Vance|character:CarlaNichols|name:RobinBartlett|character:Waiter|name:JohnNeville|character:MaryBenton|name:BeatriceWinde|character:IreneRoberts|name:LorraineToussaint|character:RaulSanchero|name:RenolySantiago|character:EmilioRamirez|name:WadeDominguez|character:CallieRoberts|name:BruklinHarris|character:CorneliusBates|name:MercelloThedford,HollywoodPictures|ViaRosaProductions|DonSimpson/JerryBruckheimerFilms,0,DangerousMinds,99
3.88237,ScienceFiction|Thriller|Mystery,168840000,48803,15.8375,32,job:Director|name:TerryGilliam|job:Screenplay|name:DavidWebbPeoples|job:Screenplay|name:JanetPeoples|job:Producer|name:CharlesRoven|job:ExecutiveProducer|name:RobertCavallo|job:ExecutiveProducer|name:GaryLevinsohn|job:ExecutiveProducer|name:RobertKosberg|job:DirectorofPhotography|name:RogerPratt|job:Editor|name:MickAudsley|job:SoundEditor|name:ImogenPollard|job:MusicEditor|name:RobinClarke|job:Soundmixer|name:JayMeagher|job:OriginalMusicComposer|name:PaulBuckmaster|job:SetDecoration|name:CrispianSallis|job:ProductionDesign|name:JeffreyBeecroft|job:ArtDirection|name:WilliamLaddSkinner|job:Casting|name:MargerySimkin|job:CostumeDesign|name:JulieWeiss|job:AssociateProducer|name:MarkEgerton|job:Co-Producer|name:LloydPhillips|job:AssociateProducer|name:KelleySmith-Wait,12/27/1995,character:JamesCole|name:BruceWillis|character:Dr.KathrynRailly|name:MadeleineStowe|character:JeffreyGoines|name:BradPitt|character:Dr.Goines|name:ChristopherPlummer|character:Dr.Peters|name:DavidMorse|character:Jose|name:JonSeda|character:Dr.Fletcher|name:FrankGorshin|character:youngCole|name:JosephMelito|character:WWISergeant|name:AaronMichaelLacey|character:Lt.Halperin|name:ChristopherMeloni|character:Det.Franki|name:JoeyPerillo,UniversalPictures|AtlasEntertainment|Classico,29500000,TwelveMonkeys,129
3.64696,Fantasy|Drama|Comedy|Family,254134910,33366,11.5558,34,job:Director|name:ChrisNoonan|job:Novel|name:DickKing-Smith|job:Screenplay|name:GeorgeMiller|job:Screenplay|name:ChrisNoonan|job:Producer|name:BillMiller|job:Producer|name:GeorgeMiller|job:Producer|name:DougMitchell|job:OriginalMusicComposer|name:NigelWestlake|job:DirectorofPhotography|name:AndrewLesnie|job:Editor|name:MarcusD'Arcy|job:Editor|name:JayFriedkin,8/3/1995,character:BabetheGallantPig(voice)|name:ChristineCavanaugh|character:FlytheFemaleSheepdog(voice)|name:MiriamMargolyes|character:FerdinandtheDuck(voice)|name:DannyMann|character:RextheMaleSheepdog(voice)|name:HugoWeaving|character:MaatheVeryOldEwe(voice)|name:MiriamFlynn|character:FarmerArthurHoggett|name:JamesCromwell|character:DutchesstheCat(voice)|name:RussiTaylor|character:OldEwe(voice)|name:EvelynKrape|character:Horse(voice)|name:MichaelEdward-Stevens|character:Cow(voice)|name:CharlesBartlett|character:Rooster(voice)|name:PaulLivingston,UniversalPictures|KennedyMillerProductions,30000000,Babe,89
3.50581,History|Drama|Romance,0,1548,1.79352,35,job:Novel|name:MichaelHolroyd|job:Director|name:ChristopherHampton|job:Screenplay|name:ChristopherHampton,11/8/1995,character:DoraCarrington|name:EmmaThompson|character:LyttonStrachey|name:JonathanPryce|character:LadyOttolineMorrell|name:PenelopeWilton|character:VanessaBell|name:JanetMcTeer|character:GeraldBrenan|name:SamuelWest,Cin\u00e9a|FreewayFilms|PolygramFilmedEntertainment,0,Carrington,121
3.94413,Drama,39363635,23009,5.81319,36,job:Director|name:TimRobbins|job:Producer|name:TimRobbins|job:Screenplay|name:HelenPrejean|job:Producer|name:JonKilik|job:Producer|name:RuddSimmons|job:Screenplay|name:TimRobbins|job:DirectorofPhotography|name:RogerDeakins|job:OriginalMusicComposer|name:DavidRobbins|job:ProductionDesign|name:ReneeEhrlichKalfus|job:ProductionDesign|name:RichardHoover|job:ExecutiveProducer|name:EricFellner|job:ExecutiveProducer|name:TimBevan|job:AssociateProducer|name:AllanF.Nicholls|job:AssociateProducer|name:MarkSeldis|job:AssociateProducer|name:R.A.White|job:Editor|name:LisaZenoChurgin|job:Editor|name:RayHubley|job:Casting|name:DouglasAibel,12/29/1995,character:SisterHelenPrejean|name:SusanSarandon|character:MatthewPoncelet|name:SeanPenn|character:HiltonBarber|name:RobertProsky|character:EarlDelacroix|name:RaymondJ.Barry|character:ClydePercy|name:R.LeeErmey|character:MaryBethPercy|name:CeliaWeston|character:Helen'sMother|name:LoisSmith|character:KaplanFarlely|name:ScottWilson|character:LucillePoncelet|name:RobertaMaxwell|character:SisterColleen|name:MargoMartindale|character:CraigPoncelet|name:JackBlack,Havoc|PolyGramFilmedEntertainment|WorkingTitleFilms,11000000,DeadManWalking,122
2.88211,Comedy|Family|Romance,0,598,2.23005,38,job:Director|name:AndyTennant|job:Writer|name:DeborahDeanDavis,11/17/1995,character:DianeBarrows|name:KirstieAlley|character:RogerCallaway|name:SteveGuttenberg|character:AlyssaCallaway/AmandaLemmon|name:AshleyOlsen|character:AmandaLemmon/AlyssaCallaway|name:Mary-KateOlsen|character:ClariceKensington|name:JaneSibbett|character:Vincenzo|name:PhilipBosco|character:Carmen|name:MichelleGrisom|character:Frankie|name:DesmondRobertson|character:Tiny|name:TinyMills|character:Patty|name:ShanelleHenry|character:Michelle|name:Mich\u00e8leLonsdaleSmith,WarnerBros.Pictures|RysherEntertainment,0,ItTakesTwo,101
3.41403,Drama|Comedy|Romance,0,26829,9.82612,39,job:Director|name:AmyHeckerling|job:Screenplay|name:AmyHeckerling|job:Producer|name:RobertLawrence|job:Producer|name:ScottRudin|job:Music|name:DavidKitay|job:DirectorofPhotography|name:BillPope|job:Editor|name:DebraChiate,7/19/1995,character:CherHorowitz|name:AliciaSilverstone|character:Dionne|name:StaceyDash|character:Tai|name:BrittanyMurphy|character:Josh|name:PaulRudd|character:Murray|name:DonaldFaison|character:Amber|name:ElisaDonovan|character:Travis|name:BreckinMeyer|character:Elton|name:JeremySisto|character:MelHorowitz|name:DanHedaya|character:Mr.WendellHall|name:WallaceShawn|character:MissTobyGeist|name:TwinkCaplan,ParamountPictures,0,Clueless,97
3.65635,Drama,676525,937,0.00299,40,job:Director|name:DarrellJamesRoodt|job:Writer|name:RonaldHarwood|job:Novel|name:AlanPaton,12/15/1995,character:Rev.StephenKumalo|name:JamesEarlJones|character:JohnKumalo|name:CharlesS.Dutton|character:IanJarvis|name:JackRobinson|character:Child|name:TsholofeloWechoemang|character:RamalaoMakhene|name:RamalaoMakhene|character:JamesJarvis|name:RichardHarris|character:Mrs.Kumalo|name:DollyRathebe|character:MaryJarvis|name:JenniferSteyn|character:Evans|name:IanRoberts|character:Clerkofthecourt|name:DavidClatworthy,MiramaxFilms,0,Cry|theBelovedCountry,106
3.85524,Drama|War,0,4998,1.12873,41,job:Director|name:RichardLoncraine|job:Writer|name:RichardLoncraine|job:Writer|name:IanMcKellen|job:TheatrePlay|name:WilliamShakespeare,12/29/1995,character:RichardIII|name:IanMcKellen|character:Elizabeth|name:AnnetteBening|character:TheDukeofBuckingham|name:JimBroadbent|character:LadyAnne|name:KristinScottThomas|character:JamesTyrrell|name:AdrianDunbar|character:DuchessofYork|name:MaggieSmith|character:WilliamCatesby|name:TimMcInnerny|character:EarlRivers|name:RobertDowneyJr.|character:LordStanley|name:EdwardHardwicke|character:TheDukeofClarence|name:NigelHawthorne|character:LordHastings|name:JimCarter,BritishScreen|MayfairEntertainmentInternational,0,RichardIII,104
3.05397,Action|Crime|Drama|History,0,2529,1.28147,42,job:Director|name:AlbertHughes|job:Director|name:AllenHughes|job:Screenplay|name:MichaelHenryBrown|job:Producer|name:AlbertHughes|job:Producer|name:AllenHughes|job:ExecutiveProducer|name:DarrylPorter|job:OriginalMusicComposer|name:DannyElfman|job:DirectorofPhotography|name:LisaRinzler|job:Editor|name:DanLebental,10/6/1995,character:AnthonyCurtis|name:LarenzTate|character:Kirby|name:KeithDavid|character:Skip|name:ChrisTucker|character:Jose|name:FreddyRodr\u00edguez|character:JuanitaBenson|name:RoseJackson|character:DeliahBenson|name:N'BusheWright,CaravanPictures|UnderworldEntertainment|HollywoodPictures,10000000,DeadPresidents,119
3.47277,Drama|Romance,0,2626,1.39854,43,job:Director|name:MichaelHoffman|job:Writer|name:RoseTermain|job:Writer|name:RupertWalters|job:Producer|name:SarahBlackburn|job:Producer|name:MarkBentley,12/29/1995,character:RobertMerivel|name:RobertDowneyJr.|character:Katharine|name:MegRyan|character:KingCharlesII|name:SamNeill|character:JohnPearce|name:DavidThewlis|character:EliasFinn|name:HughGrant,,0,Restoration,117
2.6294,Action|Fantasy,122195920,12056,8.9169,44,job:Director|name:PaulW.S.Anderson|job:Screenplay|name:EdBoon|job:Screenplay|name:JohnTobias|job:Screenplay|name:KevinDroney|job:Producer|name:LauriApelian|job:ExecutiveProducer|name:RobertEngelman|job:Producer|name:LarryKasanoff|job:Producer|name:AlisonSavitch|job:ExecutiveProducer|name:DannySimon|job:OriginalMusicComposer|name:GeorgeS.Clinton|job:DirectorofPhotography|name:JohnR.Leonetti|job:Editor|name:MartinHunter|job:Creator|name:EdBoon|job:Creator|name:JohnTobias,8/18/1995,character:LordRayden|name:ChristopherLambert|character:LiuKang|name:RobinShou|character:JohnnyCage|name:LindenAshby|character:ShangTsung|name:Cary-HiroyukiTagawa|character:SonyaBlade|name:BridgetteWilson|character:PrincessKitana|name:TalisaSoto|character:Kano|name:TrevorGoddard|character:Scorpion|name:ChrisCasamassa|character:Sub-Zero|name:Fran\u00e7oisPetit|character:Reptile|name:KeithCooke|character:Scorpion(Voice)|name:EdBoon,NewLineCinema|ThresholdEntertainment,18000000,MortalKombat,101
3.37545,Fantasy|Drama|Comedy|Thriller,21284514,9398,2.99974,45,job:Director|name:GusVanSant|job:Author|name:JoyceMaynard|job:Screenplay|name:BuckHenry|job:Producer|name:LauraZiskin|job:ExecutiveProducer|name:JonathanT.Taplin|job:Producer|name:LeslieMorgan|job:Producer|name:SandyIsaac|job:OriginalMusicComposer|name:DannyElfman|job:DirectorofPhotography|name:EricAlanEdwards|job:Editor|name:CurtissClayton|job:Casting|name:DeirdreBowen|job:ProductionDesign|name:MissyStewart|job:SetDecoration|name:CarolLavoie|job:CostumeDesign|name:BeatrixArunaPasztor|job:Casting|name:HowardFeuer|job:ExecutiveProducer|name:JosephM.CaraccioloJr.,9/27/1995,character:SuzanneStoneMaretto|name:NicoleKidman|character:LarryMaretto|name:MattDillon|character:JimmyEmmett|name:JoaquinPhoenix|character:RusselHines|name:CaseyAffleck|character:JaniceMaretto|name:IlleanaDouglas|character:LydiaMertz|name:AlisonFolland|character:JoeMaretto|name:DanHedaya|character:EdGrant|name:WayneKnight|character:ManatLake|name:DavidCronenberg|character:EarlStone|name:KurtwoodSmith|character:CarolStone|name:HollandTaylor,TheRankOrganisation|ColumbiaPicturesCorporation,20000000,ToDieFor,106
3.27231,Drama|Romance,0,3294,0.19872,46,job:Director|name:JocelynMoorhouse|job:Producer|name:SarahPillsbury|job:Screenplay|name:JaneAnderson|job:Editor|name:JillBilcock|job:OriginalMusicComposer|name:ThomasNewman|job:DirectorofPhotography|name:JanuszKaminski,10/6/1995,character:FinnDodd|name:WinonaRyder|character:GladyJoeCleary|name:AnneBancroft|character:HyDodd|name:EllenBurstyn|character:ConstanceSaunders|name:KateNelligan|character:Em|name:JeanSimmons|character:Anna|name:MayaAngelou|character:Marianna|name:AlfreWoodard|character:Sam|name:DermotMulroney|character:Sophia|name:LoisSmith|character:Sally|name:KateCapshaw|character:Arthur|name:RipTorn,UniversalPictures|AmblinEntertainment,0,HowToMakeAnAmericanQuilt,117
4.05493,Crime|Mystery|Thriller,327311859,44817,19.3566,47,job:Screenplay|name:AndrewKevinWalker|job:Producer|name:PhyllisCarlyle|job:Producer|name:ArnoldKopelson|job:ExecutiveProducer|name:AnneKopelson|job:OriginalMusicComposer|name:HowardShore|job:DirectorofPhotography|name:DariusKhondji|job:Editor|name:RichardFrancis-Bruce|job:Casting|name:KerryBarden|job:Casting|name:BillyHopkins|job:Casting|name:SuzanneSmithCrowley|job:ProductionDesign|name:ArthurMax|job:ArtDirection|name:GaryWissner|job:SetDecoration|name:ClayA.Griffith|job:CostumeDesign|name:MichaelKaplan|job:ExecutiveProducer|name:DanKolsrud|job:Director|name:DavidFincher,9/22/1995,character:DetectiveDavidMills|name:BradPitt|character:DetectiveLt.WilliamSomerset|name:MorganFreeman|character:TracyMills|name:GwynethPaltrow|character:PoliceCaptain|name:R.LeeErmey|character:DeadMan|name:AndrewKevinWalker|character:JohnDoe|name:KevinSpacey|character:DetectiveTaylor|name:DanielZacapa|character:OfficerDavis|name:JohnCassini|character:George|LibraryNightGuard|name:HawthorneJames|character:Dist.Atty.MartinTalbot|name:RichardRoundtree|character:California|name:JohnC.McGinley,NewLineCinema,33000000,Se7en,127
2.93798,Adventure|Animation|Drama|Family,346079773,14706,18.4007,48,job:Director|name:MikeGabriel|job:Director|name:EricGoldberg|job:Screenplay|name:CarlBinder|job:Screenplay|name:SusannahGrant|job:Screenplay|name:PhilipLaZebnik|job:Producer|name:JamesPentecost|job:OriginalMusicComposer|name:AlanMenken|job:Editor|name:H.LeePeterson|job:DirectorofPhotography|name:AndreasDeja|job:SupervisingAnimator|name:ChrisBuck|job:Story|name:ChrisBuck|job:Animation|name:TrevorTamboline|job:AnimationSupervisor|name:AnthonyDeRosa|job:Animation|name:TimAllen|job:Animation|name:DanLund|job:AnimationManager|name:PatSito|job:VisualEffects|name:ThomasBaker|job:Animation|name:LarryWhite|job:VisualEffects|name:JohnHuey|job:Animation|name:CraigR.Maras|job:Animation|name:JamesBaker|job:VisualEffects|name:BriceMallier|job:AnimationManager|name:BrendanHarris|job:Layout|name:RickMoore|job:VisualEffects|name:David'Joey'Mildenberger|job:Animation|name:RandySanchez|job:ColorDesigner|name:MariaGonzalez|job:VisualEffects|name:MarlonWest|job:Layout|name:PeterJ.Deluca|job:Animation|name:DaveKupczyk|job:VisualEffects|name:RobBekuhrs,6/14/1995,character:Pocahontas(voice)|name:IreneBedard|character:JohnSmith(voice)|name:MelGibson|character:GovernorRatcliffe(voice)|name:DavidOgdenStiers|character:Meeko(voice)|name:JohnKassir|character:Powhatan(voice)|name:RussellMeans|character:Thomas(voice)|name:ChristianBale|character:Pocahontas(singingvoice)|name:JudyKuhn|character:GrandmotherWillow(voice)|name:LindaHunt|character:Percy(voice)|name:DannyMann|character:Ben(voice)|name:BillyConnolly|character:Lon(voice)|name:JoeBaker,WaltDisneyPictures|WaltDisneyFeatureAnimation,55000000,Pocahontas,81
3.59839,Drama|Romance,0,249,0.27696,49,job:Director|name:PatriciaRozema|job:Screenplay|name:PatriciaRozema|job:Producer|name:BarbaraTranter|job:ExecutiveProducer|name:RobertLantos|job:OriginalMusicComposer|name:LesleyBarber|job:DirectorofPhotography|name:DouglasKoch|job:Editor|name:SusanShipton|job:Casting|name:DeirdreBowen,5/5/1995,character:CamilleBaker|name:PascaleBussi\u00e8res|character:Petra|name:RachaelCrawford|character:Martin|name:HenryCzerny|character:Timothy|name:DonMcKellar,AllianceCommunicationsCorporation,0,WhenNightIsFalling,96
4.3291,Drama|Crime|Thriller,23341568,49728,20.1178,50,job:Director|name:BryanSinger|job:Screenplay|name:ChristopherMcQuarrie|job:Producer|name:BryanSinger|job:Producer|name:MichaelMcDonnell|job:Producer|name:KennethKokin|job:ExecutiveProducer|name:RobertJones|job:ExecutiveProducer|name:ArtHoran|job:ExecutiveProducer|name:Fran\u00e7oisDuplat|job:ExecutiveProducer|name:HansBrockmann|job:OriginalMusicComposer|name:JohnOttman|job:DirectorofPhotography|name:NewtonThomasSigel|job:Editor|name:JohnOttman|job:Casting|name:FrancineMaisler|job:ProductionDesign|name:HowardCummings|job:ArtDirection|name:DavidLazan|job:SetDecoration|name:SaraAndrews|job:CostumeDesign|name:LouiseMingenbach|job:ProductionSupervisor|name:VickyHerman,8/16/1995,character:Roger'Verbal'Kint|name:KevinSpacey|character:MichaelMcManus|name:StephenBaldwin|character:DeanKeaton|name:GabrielByrne|character:FredFenster|name:BeniciodelToro|character:ToddHockney|name:KevinPollak|character:DaveKujan|USCustoms|name:ChazzPalminteri|character:Kobayashi|name:PetePostlethwaite|character:JackBaer|FBI|name:GiancarloEsposito|character:EdieFinneran|name:SuzyAmis|character:Sgt.JeffreyJeffRabin|name:DanHedaya|character:Dr.Plummer|name:ChristineEstabrook,PolyGramFilmedEntertainment,6000000,TheUsualSuspects,106
3.53906,Comedy|Romance,26000000,10163,1.60243,52,job:Producer|name:JeanDoumanian|job:Screenplay|name:WoodyAllen|job:OriginalMusicComposer|name:DickHyman|job:Editor|name:SusanE.Morse|job:Director|name:WoodyAllen|job:DirectorofPhotography|name:CarloDiPalma|job:Producer|name:CharlesH.Joffe|job:Producer|name:JackRollins|job:SetDecoration|name:SusanBode|job:CostumeDesign|name:JeffreyKurland|job:ProductionDesign|name:SantoLoquasto,9/13/1995,character:Lenny|name:WoodyAllen|character:LindaAsh|name:MiraSorvino|character:Amanda|name:HelenaBonhamCarter|character:Chorleiter|name:F.MurrayAbraham|character:Amanda'sFather|name:DonaldSymington|character:Amanda'sMother|name:ClaireBloom|character:Jocasta|name:OlympiaDukakis|character:Kevin|name:MichaelRapaport|character:Laius|name:DavidOgdenStiers|character:Tiresias|name:JackWarden|character:JerryBender|name:PeterWeller,MiramaxFilms|MagnoliaPictures,15000000,MightyAphrodite,95
3.70192,Drama|Foreign,0,156,0.00164,53,job:Director|name:GianniAmelio|job:Screenplay|name:GianniAmelio|job:Screenplay|name:AndreaPorporati|job:Screenplay|name:AlessandroSermoneta,1/1/1994,character:Gino|name:EnricoLoVerso|character:Fiore|name:MichelePlacido|character:Selimi|name:PiroMilkani|character:Spiro|name:CarmeloDiMazzarelli,,0,Lamerica,116
2.86876,Action|Adventure|Comedy|Family,0,1002,0.36434,54,job:Director|name:HollyGoldbergSloan|job:Writer|name:HollyGoldbergSloan,9/29/1995,character:SheriffTomPalmer|name:SteveGuttenberg|character:MissAnnaMongomery|name:Oliviad'Abo|character:CoachJayHuffer|name:JayO.Sanders|character:EdwinV.Douglas|name:JohnTerry|character:NewtShaw|name:BugHall|character:KateDouglas|name:JessicaRobertson|character:LarryMusgrove|name:PatrickRenna|character:JeffreyLuttrell|name:BillyL.Sullivan|character:EvanSchiff|name:ChaunceyLeopardi|character:NickAnderssen|name:JordanBrower|character:SophiaConvertino|name:HayleyKolb,WaltDisneyPictures|CaravanPictures,0,TheBigGreen,100
3.23777,Drama,0,961,0.00233,55,job:Director|name:UluGrosbard|job:Screenplay|name:BarbaraTurner,5/19/1995,character:SadieFlood|name:JenniferJasonLeigh|character:GeorgiaFlood|name:MareWinningham|character:Jake|name:TedLevine|character:AxelGoldman|name:MaxPerlich|character:Bobby|name:JohnDoe|character:Herman|name:JohnC.Reilly|character:Trucker|name:JimmyWitherspoon|character:Chasman|name:JasonCarter,MiramaxFilms|CiBy2000,0,Georgia,115
3.32676,Comedy|Drama|Romance,17519169,2485,0.17406,57,job:Director|name:JodieFoster|job:Screenplay|name:ChrisRadant|job:Screenplay|name:W.D.Richter|job:Producer|name:JodieFoster|job:Casting|name:AvyKaufman|job:Producer|name:PeggyRajski|job:Music|name:MarkIsham|job:DirectorofPhotography|name:LajosKoltai|job:Editor|name:LynzeeKlingman|job:ExecutiveProducer|name:StuartKleinman|job:ProductionDesign|name:AndrewMcAlpine|job:ArtDirection|name:JamesE.Tocci|job:SetDecoration|name:BarbaraDrake|job:CostumeDesign|name:SusanLyall|job:CostumeSupervisor|name:TarynWeaver|job:ScriptSupervisor|name:DianneDreyer|job:UnitPublicist|name:AnneS.Reilly,11/2/1995,character:ClaudiaLarson|name:HollyHunter|character:TommyLarson|name:RobertDowneyJr.|character:AdeleLarson|name:AnneBancroft|character:HenryLarson|name:CharlesDurning|character:KittLarson|name:ClaireDanes|character:LeoFish|name:DylanMcDermott|character:AuntGlady|name:GeraldineChaplin|character:WalterWedman|name:SteveGuttenberg|character:RussellTerziak|name:DavidStrathairn|character:JoanneLarsonWedman|name:CynthiaStevenson,ParamountPictures|EggPictures|PolyGramFilmedEntertainment,0,HomefortheHolidays,103
3.9708,Comedy|Drama|Romance,0,13202,0.62966,58,job:Director|name:MichaelRadford|job:Novel|name:AntonioSk\u00e1rmeta|job:Screenplay|name:FurioScarpelli|job:Screenplay|name:GiacomoScarpelli|job:Producer|name:MarioCecchiGori|job:Producer|name:VittorioCecchiGori|job:Producer|name:GaetanoDaniele|job:OriginalMusicComposer|name:LuisBacalov|job:DirectorofPhotography|name:FrancoDiGiacomo|job:Editor|name:RobertoPerpignani,9/22/1994,character:PabloNeruda|name:PhilippeNoiret|character:MarioRuoppolo|name:MassimoTroisi|character:BeatriceRusso|name:MariaGraziaCucinotta|character:Telegrapher|name:RenatoScarpa|character:DonnaRosa|name:LindaMoretti|character:DiCosimo|name:MarianoRigillo|character:Matilde|name:AnnaBonaiuto|character:ElsaMorante|name:SimonaCaparrini|character:|name:CarloDiMaio|character:|name:NandoNeri|character:|name:VincenzoDiSauro,,0,ThePostman,108
3.59091,Thriller|Drama|Mystery,0,198,0.00174,59,job:Director|name:RobertLepage|job:Writer|name:RobertLepage,9/29/1995,character:PierreLamontagne|name:LothaireBluteau|character:MarcLamontagne|name:PatrickGoyette|character:RaymondMassicotte|name:Jean-LouisMillette|character:AssistanttoHitchcock|name:KristinScottThomas|character:AlfredHitchcock|name:RonBurrage,,0,TheConfessional,100
3.07998,Family|Fantasy|Adventure,0,7289,3.01576,60,job:Director|name:FrankOz|job:Producer|name:KathleenKennedy|job:Screenplay|name:MelissaMathison|job:DirectorofPhotography|name:RussellCarpenter|job:OriginalMusicComposer|name:RandyEdelman|job:Editor|name:IanCrafford|job:Producer|name:JaneStartz|job:Producer|name:FrankMarshall|job:Casting|name:KateKennedy|job:Casting|name:MargerySimkin,7/14/1995,character:Omri|name:HalScardino|character:LittleBear|name:Litefoot|character:Jane|name:LindsayCrouse|character:Victor|name:RichardJenkins|character:Patrick|name:RishiBhat|character:|name:SteveCoogan|character:Boone|name:DavidKeith|character:Lucy|name:SakinaJaffrey|character:|name:VincentKartheiser|character:|name:NestorSerrano,ParamountPictures|ColumbiaPicturesCorporation|TheKennedy/MarshallCompany,45000000,TheIndianintheCupboard,96
3.33864,Drama|Thriller,0,2420,1.04112,61,job:Director|name:JohnSchlesinger|job:Writer|name:AmandaSilver,1/12/1996,character:KarenMcCann|name:SallyField|character:MackMcCann|name:EdHarris|character:JulieMcCann|name:OliviaBurnette|character:RobertDoob|name:KieferSutherland|character:MeganMcCann|name:AlexandraKyle|character:Det.Sgt.Denillo|name:JoeMantegna|character:DollyGreen|name:BeverlyD'Angelo|character:MartialArtsInstructor|name:CynthiaRothrock|character:SidneyHughes|name:PhilipBakerHall|character:Martin|name:KeithDavid,ParamountPictures,20000000,EyeForAnEye,101
3.75907,Drama|Family,0,22411,0.41437,62,job:Director|name:StephenHerek|job:Screenplay|name:PatrickSheaneDuncan|job:Producer|name:RobertW.Cort|job:Producer|name:TedField|job:Producer|name:MichaelNolin|job:OriginalMusicComposer|name:MichaelKamen|job:DirectorofPhotography|name:OliverWood|job:Editor|name:DavidNichols|job:Tonbearbeitung|name:TimChau,12/29/1995,character:GlennHolland|name:RichardDreyfuss|character:IrisHolland|name:GlenneHeadly|character:BillMeister|name:JayThomas|character:PrincipalHelenJacobi|name:OlympiaDukakis|character:VicePrincipalGeneWolters|name:WilliamH.Macy|character:GertrudeLang|name:AliciaWitt|character:ColeHolland(mit6.Jahren)|name:NicholasJohnRenner|character:ColeHolland(mit15Jahren)|name:JosephAnderson|character:ColeHolland(mit28Jahren)|name:AnthonyNatale|character:RowenaMorgan|name:JeanLouisaKelly|character:LouisRuss|name:TerrenceHoward,HollywoodPictures|TheCharlieMopicCompany|PolyGramFilmedEntertainment|InterscopeCommunications,0,Mr.Holland'sOpus,137
3.10375,Comedy,0,2530,5.16646,63,job:Director|name:ParisBarclay|job:Screenplay|name:ShawnWayans|job:Screenplay|name:MarlonWayans|job:Screenplay|name:PhilBeauman|job:Producer|name:EricL.Gold|job:Producer|name:KeenenIvoryWayans|job:ExecutiveProducer|name:MarkBurg|job:ExecutiveProducer|name:DanGenetti|job:OriginalMusicComposer|name:JohnBarnes|job:DirectorofPhotography|name:RussBrandt|job:Editor|name:MarshallHarvey|job:Editor|name:WilliamYoung,1/12/1996,character:Ashtray|name:ShawnWayans|character:LocDog|name:MarlonWayans|character:Dashiki|name:TraceyCherelleJones|character:Preach|name:ChrisSpencer|character:Ashtray'sMother|name:VivicaA.Fox|character:SisterWilliams|name:Rappin'Granny|character:CrazyLegs|name:SuliMcCullough|character:OfficerSelfHatred|name:BernieMac|character:Rufus|name:FaizonLove|character:Mailman|name:KeenenIvoryWayans,MiramaxFilms|IslandPictures|IvoryWayProductions,0,Don'tBeaMenacetoSouthCentralWhileDrinkingYourJuiceintheHood,89
2.8414,Comedy|Romance,0,2169,1.33412,64,job:Director|name:BillBennett|job:Writer|name:DenisLeary|job:Writer|name:MikeArmstrong,1/12/1996,character:Roz|name:SandraBullock|character:Francis'Frank'O'Brien|name:DenisLeary|character:FBIAgentO'Malley|name:YaphetKotto|character:EvanMarsh|name:StephenDillane,WarnerBros.|MorganCreekProductions,0,TwoIfbySea,96
2.41524,Comedy,0,5557,7.11149,65,job:Producer|name:BradleyJenkel|job:Producer|name:BradKrevoy|job:Producer|name:StevenStabler|job:Author|name:AdamLeff|job:Author|name:MitchellPeck|job:Music|name:AndrewGross|job:DirectorofPhotography|name:PhedonPapamichael|job:Editor|name:ChristopherGreenbury|job:Director|name:JasonBloom,1/12/1996,character:BudMacintosh|name:PaulyShore|character:DoyleJohnson|name:StephenBaldwin|character:Monique(asJoeyAdams)|name:JoeyLaurenAdams|character:Jen|name:TeresaHill|character:Dr.NoahFaulkner|name:WilliamAtherton|character:MimiSimkins|name:DaraTomanovich|character:T.C.Romulus|name:KevinWest|character:OliviaBiggs|name:DeniseDowse|character:Dr.PetravonKant|name:KylieMinogue|character:TenaciousD|name:KyleGass|character:TenaciousD|name:JackBlack,MotionPictureCorporationofAmerica(MPCA)|3ArtsEntertainment|WeaselProductions,0,Bio-Dome,88
2.16713,Action|ScienceFiction,2409225,2528,0.64598,66,job:Director|name:FarhadMann|job:Screenplay|name:FarhadMann|job:Producer|name:KeithFox|job:ExecutiveProducer|name:Avram'Butch'Kaplan|job:ExecutiveProducer|name:StevenA.Lane|job:ExecutiveProducer|name:PeterA.McRae|job:ExecutiveProducer|name:RobertPringle|job:Producer|name:EdwardSimons|job:ExecutiveProducer|name:CliveTurner|job:OriginalMusicComposer|name:RobertFolk|job:DirectorofPhotography|name:WardRussell|job:Editor|name:JoelGoodman,1/12/1996,character:Dr.BenjaminTrace|name:PatrickBergin|character:JobeSmith|name:MattFrewer|character:PeterParkette|name:AustinO'Brien|character:Dr.CoriPlatt|name:ElyPouget|character:Jennifer|name:CamilleCooper|character:Shawn(asPatrickLaBrecque)|name:PatrickLaBrecque|character:Jade|name:CrystalCelesteGrant|character:Travis|name:SeanP.Young|character:HomelessKid|name:MathewValencia|character:JonathanWalker|name:KevinConway|character:YoungPeter|name:TreverO'Brien,NewLineCinema,0,LawnmowerMan2:BeyondCyberspace,92
3.35632,Drama|Family,0,174,0.30063,67,job:Writer|name:JosephStefano|job:Director|name:JamesFoley,10/22/1995,character:GennaroSpirito|name:JerryBarone|character:GitanoSabatoni|name:AlPacino|character:LuisaSpirito|name:MaryElizabethMastrantonio|character:UncleJoe|name:JoeGrifasi|character:Dr.Wilson|name:GeoffPierson,MiramaxFilms,0,TwoBits,85
3.46195,Comedy|Romance,0,1301,0.92049,68,job:Director|name:JosianeBalasko|job:Screenplay|name:PatrickAubr\u00e9e|job:Screenplay|name:JosianeBalasko|job:Novel|name:TelscheBoorman|job:Producer|name:ClaudeBerri|job:DirectorofPhotography|name:G\u00e9rarddeBattista|job:ProductionDesign|name:CarlosConti|job:CostumeDesign|name:FabienneKatany,2/8/1995,character:Loli|name:VictoriaAbril|character:Marijo|name:JosianeBalasko|character:LaurentLafaye|name:AlainChabat|character:Antoine|name:TickyHolgado|character:Dany|name:CatherineHiegel|character:EmilyCrumble|name:KatrineBoorman|character:DorothyCrumble|name:TelscheBoorman|character:Vero|name:V\u00e9roniqueBarrault,RennProductions|LesFilmsFlam|TF1FilmsProduction|Canal+,0,FrenchTwist,95
3.55498,Comedy|Drama,28215918,4820,1.96278,69,job:Director|name:F.GaryGray|job:Screenplay|name:DJPooh|job:Author|name:IceCube|job:Music|name:FrankFitzpatrick|job:Music|name:IceCube,4/26/1995,character:CraigJones|name:IceCube|character:Smokey|name:ChrisTucker|character:Debbie|name:NiaLong|character:Deebo|name:TommyLister|character:Mr.Jones|name:JohnWitherspoon|character:Mrs.Jones|name:AnnaMariaHorsford|character:DanaJones|name:ReginaKing|character:Joi|name:PaulaJaiParker|character:BigWorm|name:FaizonLove|character:Red|name:DJPooh|character:Mr.Parker|name:TonyCox,NewLineCinema,3500000,Friday,91
3.28112,Horror|Action|Thriller|Crime,25836616,13464,13.9317,70,job:Director|name:RobertRodriguez|job:Screenplay|name:QuentinTarantino|job:ExecutiveProducer|name:QuentinTarantino|job:Producer|name:GianniNunnari|job:ExecutiveProducer|name:RobertRodriguez|job:ExecutiveProducer|name:LawrenceBender|job:Co-Producer|name:JohnEsposito|job:Co-Producer|name:ElizabethAvellan|job:OriginalMusicComposer|name:GraemeRevell|job:DirectorofPhotography|name:GuillermoNavarro|job:Editor|name:RobertRodriguez|job:Casting|name:ElaineJ.Huzzar|job:Casting|name:JohannaRay|job:ProductionDesign|name:CeciliaMontiel|job:ArtDirection|name:MayneBerke|job:SetDecoration|name:FelipeFern\u00e1ndezdelPaso|job:CostumeDesign|name:GracielaMaz\u00f3n|job:Story|name:RobertKurtzman|job:Co-Producer|name:PaulHellerman|job:Co-Producer|name:RobertKurtzman|job:Producer|name:MeirTeper,1/18/1996,character:SethGecko|name:GeorgeClooney|character:RichardGecko|name:QuentinTarantino|character:JacobFuller|name:HarveyKeitel|character:KateFuller|name:JulietteLewis|character:ScottFuller|name:ErnestLiu|character:SantanicoPandemonium|name:SalmaHayek|character:BorderGuard/ChetPussy/Carlos|name:CheechMarin|character:RazorCharlie|name:DannyTrejo|character:SexMachine|name:TomSavini|character:Frost|name:FredWilliamson|character:TexasRanger|name:MichaelParks,ABandApart|DimensionFilms|LosHooligansProductions|Miramax,19000000,FromDuskTillDawn,108
2.36067,Action|Thriller|Romance,11534477,1317,1.88778,71,job:Director|name:AndrewSipes|job:Producer|name:JoelSilver|job:Screenplay|name:CharlieFletcher|job:OriginalMusicComposer|name:MarkMancina|job:DirectorofPhotography|name:RichardBowen|job:Editor|name:ChristianWagner,11/3/1995,character:MaxKirkpatrick|name:WilliamBaldwin|character:KateMcQueen|name:CindyCrawford|character:ColonelIlyaKazak|name:StevenBerkoff|character:LieutenantMeyerson|name:ChristopherMcDonald|character:EmilioJuantorena|name:MiguelSandoval|character:JodiKirkpatrick|name:JohannCarlo|character:Rita|name:SalmaHayek|character:LouisAragon|name:JohnBedfordLloyd|character:Rosa|name:JenetteGoldstein|character:Leonide\theHacker\Volkov|name:PaulDillon|character:Zhukov|name:OlekKrupa,SilverPictures|WarnerBros.,50000000,FairGame,91
3.48972,Comedy|Drama|Romance,0,1265,0.64234,72,job:Director|name:NoahBaumbach|job:Writer|name:NoahBaumbach|job:Story|name:NoahBaumbach|job:Story|name:OliverBerkman,10/6/1995,character:Grover|name:JoshHamilton|character:Jane|name:Oliviad'Abo|character:Otis|name:CarlosJacott|character:Chet|name:EricStoltz|character:Max|name:ChrisEigeman|character:Skippy|name:JasonWiles|character:Miami|name:ParkerPosey|character:Pete|name:SamuelGould|character:Gail|name:CatherineKellner|character:Professor|name:JonathanBaumbach|character:Lester|name:PeterCzernin,CastlebergProductions|SandollarProductions,0,KickingandScreaming,96
3.80235,Drama|History,0,3367,1.20628,73,job:Director|name:ClaudeLelouch|job:Writer|name:VictorHugo|job:Writer|name:ClaudeLelouch,3/22/1995,character:HenriFortin/JeanValjean|name:Jean-PaulBelmondo|character:Andr\u00e9Ziman|name:MichelBoujenah|character:EliseZiman|name:AlessandraMartines|character:LafilleZiman(asSalome)|name:Salom\u00e9Lelouch|character:Th\u00e9nardi\u00e8re1942|name:AnnieGirardot|character:Th\u00e9nardier1942|name:PhilippeL\u00e9otard|character:Lepolicier/Javert|name:PhilippeKhorsand|character:Legentilvoyou/KindHoodlum|name:TickyHolgado|character:Th\u00e9nardier1830/1990|name:Rufus|character:Th\u00e9nardi\u00e8re1830/1990|name:NicoleCroisille|character:Toureiffel|name:WilliamLeymergie,LesFilms13|Canal+|TF1,0,LesMiserables,175
3.30935,Drama|Romance,19030691,3745,0.7845,74,job:Director|name:MichaelGoldenberg|job:Writer|name:MichaelGoldenberg|job:Producer|name:MichaelHaley|job:ExecutiveProducer|name:JosephHartwick|job:Producer|name:AllanMindel|job:Producer|name:KimMoarefi|job:Producer|name:DeniseShaw|job:Editor|name:JaneKurson|job:Casting|name:MegSimon|job:ProductionDesign|name:StephenMcCabe|job:ArtDirection|name:JeffersonSage|job:SetDecoration|name:CarolynCartwright|job:SetDecoration|name:DebraSchutt|job:CostumeDesign|name:CynthiaFlynt|job:Hairstylist|name:ColleenCallaghan|job:MakeupArtist|name:KymbraCallaghan|job:Hairstylist|name:WayneHerndon|job:MakeupArtist|name:SharonIlson|job:UnitProductionManager|name:JanFoster|job:Post-ProductionManager|name:RicKeeley|job:UnitProductionManager|name:ChrisannVerges|job:ExecutiveInChargeOfProduction|name:TedZachary|job:SpecialGuestDirector|name:EricDilucente|job:Director|name:MichaelHaley|job:Director|name:DanielM.Stillman|job:PropertyMaster|name:WallyAdee|job:Greensman|name:LawrenceAmanuel|job:Greensman|name:JacquelineArnot|job:Greensman|name:ChristopherBassett|job:Producer|name:JamesDearlove|job:ConstructionCoordinator|name:RobertDiGrigoli|job:ScenicArtist|name:RossanaFiore|job:SetDressingArtist|name:DanielKenney|job:Grip|name:EdwardT.Kerwick|job:Storyboard|name:BrickMason|job:PropertyMaster|name:TomMcDermott|job:SetDressingArtist|name:RayMurphyJr.|job:ConstructionForeman|name:RonPetagna|job:ArtDepartmentCoordinator|name:CarlaRaij|job:Leadman|name:ScottRosenstock|job:ScenicArtist|name:MargotTherre|job:ScenicArtist|name:JamesSorice|job:SetDressingArtist|name:MitchTowse|job:SetDressingArtist|name:PetervonBartheld|job:Greensman|name:StephanieWaldren|job:PropertyMaster|name:TravisWright|job:SetProductionAssistant|name:TomYeager|job:SetDressingArtist|name:JeffreyRollins|job:ADR&Dubbing|name:DanaAustin|job:SoundRecordist|name:StevenBrimmer|job:Cableman|name:O.J.ConnellIII|job:SupervisingSoundEditor|name:DaneA.Davis|job:ADR&Dubbing|name:RobertDeschaine|job:Foley|name:RobertDeschaine|job:SoundRe-RecordingMixer|name:RobertW.GlassJr.|job:SoundRe-RecordingMixer|name:StanleyKastner|job:Foley|name:TomHammond|job:DialogueEditor|name:JohnKwiatkowski|job:SoundEngineer|name:FrankLong|job:SoundRe-RecordingMixer|name:BrianD.Lucas|job:SoundEditor|name:DavidMcRell|job:Soundmixer|name:DannyMichael|job:DialogueEditor|name:CharlesW.Ritter|job:Foley|name:JoanRowe|job:Foley|name:SeanRowe|job:BoomOperator|name:AndrewSchmetterling|job:SoundEditor|name:F.ThomasSimpson|job:Loader|name:TomSteel|job:SoundEffectsEditor|name:ToddToon|job:ADR&Dubbing|name:RandyVandegrift|job:SoundRe-RecordingMixer|name:DanWallin|job:ADR&Dubbing|name:MartyChurch|job:CameraOperator|name:StuartAllen|job:CameraOperator|name:CraigDiBona|job:RiggingGaffer|name:RichardDolan|job:Grip|name:JohnDonohue|job:BestBoyElectric|name:ThomasFord|job:StillPhotographer|name:LouisGoldman|job:CameraOperator|name:ToddHotaling|job:VideoAssistOperator|name:NilsJohnson|job:Electrician|name:RichieMontgomery|job:AdditionalCamera|name:PeterNorman|job:Grip|name:TomPopola|job:Grip|name:GeoffreyD.Pound|job:SteadicamOperator|name:KyleRudolph|job:Gaffer|name:RobertSciretta|job:Grip|name:KevinSmyth|job:Electrician|name:BrianStocklin|job:Electrician|name:RobertStocklin|job:Grip|name:DanVranesich|job:Grip|name:NinaZarnett|job:AdditionalCamera|name:MichaelKelem|job:AdditionalCamera|name:DylanGoss|job:Casting|name:StephanieCorsalini|job:Casting|name:BillTripician|job:Casting|name:KarenE.Etcoff|job:CostumeDesign|name:DanielJ.Adkins|job:CostumeDesign|name:HallieN.Mohel|job:CostumeDesign|name:LisaR.Frucht|job:Co-CostumeDesigner|name:DavidC.Robinson|job:CostumeSupervisor|name:DeirdreN.Williams|job:Editor|name:GaryBurritt|job:ExecutiveInChargeOfPostProduction|name:JoeFineman|job:Editor|name:ElizabethGazzara|job:Post-ProductionManager|name:MarkGraziano|job:ColorTimer|name:BobLaRossa|job:Editor|name:EddieNichols|job:FirstAssistantEditor|name:LauraRindner|job:Editor|name:GregThompson|job:Editor|name:JamesNicholsJr.|job:Editor|name:LivTorgerson|job:Music|name:SandyDeCrescent|job:SoundEditor|name:GregDennen|job:Music|name:BonnieGreenberg|job:Music|name:JulieGlazeHoulihan|job:Music|name:ArtieKane|job:Music|name:MarkKaufman|job:MusicEditor|name:ShawnMurphy|job:Music|name:JohnNeufeld|job:Music|name:BobbyMuzingo|job:Music|name:ConradPope|job:Music|name:DanaSano|job:AdditionalMusic|name:StevenL.Smith|job:MusicEditor|name:KennethWannberg|job:Music|name:TomasHart|job:Music|name:JoeZimmerman|job:TransportationCo-Captain|name:JamesFanning|job:TransportationCoordinator|name:DelroyHunter|job:TransportationCaptain|name:EdwardO'Donnell|job:Producer|name:RobertC.Albertell|job:ProductionManager|name:AlexisAlexanian|job:ProductionAccountant|name:DavidBonsukan|job:Producer|name:JoanG.Bostwick|job:Other|name:RonaldC.BriggsJr.|job:HelicopterCamera|name:AlCerullo|job:LegalServices|name:ErikEllner|job:LocationManager|name:JanFoster|job:ProductionSupervisor|name:CarlaFry|job:Producer|name:LisannGould|job:ScriptSupervisor|name:AnneGyory|job:ProductionAccountant|name:JoeHartwickJr.|job:Producer|name:HeidiHerman|job:Other|name:TonyHoffman|job:LocationManager|name:TrishHofman|job:Actor'sAssistant|name:TinaHong|job:CraftService|name:JudyJanelli|job:Actor'sAssistant|name:PatriciaLaMagna|job:Actor'sAssistant|name:AmyLondon|job:Other|name:GinnyMartino|job:LegalServices|name:PeterMcManus|job:Producer|name:DebraMintz|job:LocationManager|name:DeborahParker|job:Actor'sAssistant|name:LoriPatterson|job:ProductionController|name:PaulProkop|job:Other|name:DeborahRicketts|job:ProductionManager|name:DawnMurphyRiley|job:LocationManager|name:AlexanderRooks|job:LegalServices|name:PhillipL.Rosen|job:ProductionAccountant|name:StevenShareshian|job:LocationManager|name:KatjaShaye|job:CraftService|name:MaryTormey|job:LocationManager|name:ZacharyTucker|job:Publicist|name:ValerieVanGalder|job:Producer|name:AdolfoVasquez|job:Producer|name:JoeVernon|job:Actor'sAssistant|name:MarkWinsten|job:Producer|name:EricYellin|job:LocationManager|name:JonZeidman|job:SetProductionAssistant|name:PeterSoldo|job:ProductionManager|name:DouglasTirola|job:Thanks|name:TracyAdler|job:Thanks|name:BettyAyeroff|job:Thanks|name:EllenChenoweth|job:Thanks|name:MichaelConvertino|job:Thanks|name:MichaelDeLuca|job:Thanks|name:IreneFerrari|job:Thanks|name:BrettFoy|job:Thanks|name:JoeyGrill|job:Thanks|name:FrancesGrill|job:Thanks|name:EllenLewis|job:Thanks|name:JohnLyons|job:Thanks|name:EstherPearlstone|job:Thanks|name:MichaelSpatt|job:Thanks|name:Rene\u00e9Thomas|job:Thanks|name:RuthVitale|job:Electrician|name:PetrHlinomaz|job:DialogueEditor|name:KimberlyLowe|job:Foley|name:DanaAustin|job:OriginalMusicComposer|name:MichaelConvertino|job:DirectorofPhotography|name:AdamKimmel],1/26/1996,character:LewisFarrell|name:ChristianSlater|character:LisaWalker|name:MaryStuartMasterson|character:Kim/PamelaSegall|name:PamelaAdlon|character:Danny|name:JoshBrolin|character:Randy|name:BrianTarantina|character:Lewis'Mom|name:DebraMonk|character:Alice|name:MaryAlice|character:Simon|name:KennethCranham|character:Wendy|name:AllyWalker|character:GrandmaJean|name:AnnePitoniak|character:Lewis'Dad|name:MichaelHaley,NewLineCinema|JunoPix,0,BedofRoses,87
2.47208,Comedy|Family,2042530,573,0.00338,75,job:Director|name:SteveMiner|job:Writer|name:MarkStevenJohnson,1/26/1996,character:DavidLeary|name:RickMoranis|character:RoscoBigger-Fang|name:TomArnold|character:VictoriaTucker|name:JuliannePhillips|character:FaithBigger|name:CarolKane|character:ArtLundstrum|name:JeffreyTambor|character:Clark|name:CurtisArmstrong|character:PrincipalKokelar|name:DonKnotts,WarnerBros.|MorganCreekProductions,15000000,BigBully,90
3.01273,Horror|ScienceFiction,5781885,3575,2.52791,76,job:Casting|name:KarenMargiotta|job:Casting|name:MaryMargiotta|job:Casting|name:LucieRobitaille|job:CostumeDesign|name:TrixiRittenhouse|job:ProductionDesign|name:PerriGorrara|job:ArtDirection|name:MichaelDevine|job:SetDecoration|name:DavidJaquest|job:SoundDesigner|name:TimArcher|job:PropertyMaster|name:ElisedeBlois|job:SetDesigner|name:DavidGaucher|job:Screenplay|name:DanO'Bannon|job:Screenplay|name:MiguelTejada-Flores|job:Producer|name:FrancoBattista|job:Producer|name:TomBerry|job:Music|name:NormandCorbeil|job:DirectorofPhotography|name:RodneyGibbons|job:Editor|name:YvesLanglois|job:Director|name:ChristianDuguay|job:Foley|name:GaryDaprato|job:SetDesigner|name:StuartZsombor-Murray|job:SetDesigner|name:RaymondLarose|job:SetDesigner|name:Jean-AndreCarriere|job:BoomOperator|name:Fran\u00e7oisGu\u00e9rin|job:SoundEffectsEditor|name:AnthonyLancett|job:DialogueEditor|name:CliveTurner|job:VisualEffectsSupervisor|name:ErnestD.Farino|job:StuntCoordinator|name:MichaelScherer|job:CameraOperator|name:ChristianDuguay|job:Gaffer|name:WalterKlymkiw|job:StillPhotographer|name:AbePerlstein|job:Casting|name:AnneTait|job:ColorTimer|name:MichelProulx|job:Security|name:AlainCaporicci|job:LocationManager|name:JohanneCaporicci|job:Story|name:PhilipK.Dick,9/8/1995,character:ColonelHendricksson|name:PeterWeller|character:Becker|name:RoyDupuis|character:Jessica|name:JenniferRubin|character:AceJefferson|name:AndrewLauer|character:Landowska|name:LilianaKomorowska|character:David|name:MichaelCaloz|character:Leone|name:JasonCavalier|character:ChuckElbarak|name:RonWhite,TheMovieNetwork(TMN)|AllegroFilms|FujiEightCompanyLtd.|FriesFilmGroup|SuperEcran|TriumphFilms,20000000,Screamers,108
3.43805,,0,226,0.00145,77,job:Director|name:SusanneOfteringer,2/18/1995,,,0,NicoIcon,70
3.17766,Drama|Thriller,0,1258,1.13387,78,job:ProductionManager|name:DavidHamburger|job:Director|name:SeanPenn|job:Writer|name:SeanPenn|job:ExecutiveProducer|name:RichardN.Gladstein|job:Producer|name:DavidHamburger|job:Producer|name:SeanPenn|job:ExecutiveProducer|name:HarveyWeinstein|job:OriginalMusicComposer|name:JackNitzsche|job:Editor|name:JayCassidy|job:ExecutiveProducer|name:BobWeinstein,11/15/1995,character:FreddyGale|name:JackNicholson|character:JohnBooth|name:DavidMorse|character:Mary|name:AnjelicaHuston|character:Jojo|name:RobinWright|character:HelenBooth|name:PiperLaurie|character:StuartBooth|name:RichardBradford|character:Verna|name:PriscillaBarnes|character:Peter|name:DavidBaerwald|character:Roger|name:RobbieRobertson|character:Bobby|name:JohnSavage|character:Mia|name:KariWuhrer,MiramaxFilms,0,TheCrossingGuard,111
3.16407,Drama|Thriller,0,6223,2.40273,79,job:Director|name:BrianGibson|job:Novel|name:GeorgeDawesGreen|job:Screenplay|name:TedTally|job:Producer|name:RobCowan|job:Producer|name:IrwinWinkler|job:ExecutiveProducer|name:PatrickMcCormick|job:OriginalMusicComposer|name:JamesNewtonHoward|job:DirectorofPhotography|name:JamieAnderson|job:Editor|name:RobertM.Reitano|job:CostumeDesign|name:ColleenAtwood,2/2/1996,character:AnnieLaird|name:DemiMoore|character:Teacher|name:AlecBaldwin|character:OliverLaird|name:JosephGordon-Levitt|character:Juliet|name:AnneHeche|character:Eddie|name:JamesGandolfini|character:Tallow|name:LindsayCrouse|character:LouieBoffano|name:TonyLoBianco|character:JudgeWeitzel|name:MichaelConstantine|character:Boone|name:MattCraven|character:Bozeman|name:ToddSusman|character:JosephBoffano|name:MichaelRispoli,ColumbiaPicturesCorporation,44000000,TheJuror,118
3.72673,Family|Drama,0,591,0.00192,80,job:Director|name:JafarPanahi|job:Writer|name:AbbasKiarostami,1/1/1995,character:Razieh|name:AidaMohammadkhani|character:Ali|name:MohsenKafili|character:Mother|name:FereshtehSadreOrafaiy|character:OldLady|name:AnnaBorkowska|character:Soldier|name:MohammadShahani,I.R.I.B.Channel2|FerdosFilms,0,TheWhiteBalloon,85
3.27454,Drama|Crime,529766,3351,2.45238,81,job:Director|name:GaryFleder|job:Screenplay|name:ScottRosenberg|job:Producer|name:CaryWoods|job:OriginalMusicComposer|name:MichaelConvertino|job:DirectorofPhotography|name:ElliotDavis|job:Editor|name:RichardMarks|job:Casting|name:RonnieYeskel|job:ProductionDesign|name:NelsonCoates,12/1/1995,character:Jimmy'TheSaint'Tosnia|name:AndyGarc\u00eda|character:Pieces|name:ChristopherLloyd|character:Franchise|name:WilliamForsythe|character:EasyWind|name:BillNunn|character:CriticalBill|name:TreatWilliams|character:JoeHeff|name:JackWarden|character:MisterShhh|name:SteveBuscemi|character:Lucinda|name:FairuzaBalk|character:Dagney|name:GabrielleAnwar|character:TheManwiththePlan|name:ChristopherWalken|character:Bernard|name:MichaelNicolosi,MiramaxFilms,8000000,ThingstoDoinDenverWhenYou'reDead,115
4.01528,Drama|Comedy,0,2684,0.69043,82,job:Director|name:MarleenGorris|job:Screenplay|name:MarleenGorris|job:Producer|name:GerardCornelisse|job:Producer|name:HansDeWeers|job:Producer|name:HansdeWolf|job:Music|name:IlonaSekacz|job:DirectorofPhotography|name:WillyStassen|job:Editor|name:WimLouwrier|job:Editor|name:MichielReichwein,9/12/1995,character:Antonia|name:WillekevanAmmelrooy|character:Danielle|name:ElsDottermans|character:Allegonde|name:DoravanderGroen|character:Th\u00e9r\u00e8se|name:VeerlevanOverloop|character:Th\u00e9r\u00e8se(13)|name:EstherVriesendorp|character:Th\u00e9r\u00e8se(6)|name:ArneBang-Hansen|character:Sarah|name:ThyrzaRavesteijn|character:KrummerFinger|name:MilSeghers|character:Sebastian|name:JanDecleir|character:Lara|name:ElsiedeBrauw|character:Simon|name:ReinoutBussemaker,BergenFilm|BardEntertainments|NPSTelevisie,900000,Antonia'sLine,102
3.65422,Romance|Drama,0,616,0.00154,83,job:Director|name:TimReid|job:Screenplay|name:PaulW.Cooper|job:Novel|name:CliftonL.Taulbert,1/26/1996,character:Poppa|name:AlFreeman|Jr.|character:MaPonk|name:PhyliciaRash\u0101d|character:MaPearl|name:PaulaKelly|character:MissAlice(asSalliRichardson)|name:SalliRichardson-Whitfield|character:MissAnnie|name:AnnaMariaHorsford|character:Mr.Walter|name:BernieCasey|character:PreacherHurn|name:IsaacHayes|character:Cliff(12Yrs.)(asWillisNorwoodJr.)|name:RayJ|character:MissMaybry|name:PollyBergen|character:Mr.Will|name:TajMahal|character:UncleMelvin|name:LeonRobinson,BETPictures|UnitedImageEntertainme,0,OnceUponaTime...WhenWeWereColored,115
3.39759,,0,166,0.00143,84,job:Director|name:HenryJaglom,11/22/1995,character:OonaHart|name:VictoriaFoyt|character:HelenaMora|name:VivecaLindfors|character:JakeAxelrod|name:JonRobinBaitz|character:Suzanne|name:SavannahSmithBoucher|character:Freddy|name:RoscoeLeeBrowne|character:IvanAxelrod|name:AndreGregory|character:George|name:NickGregory|character:TrishAxelrod|name:MelissaLeo|character:Thomas|name:RoddyMcDowall|character:ChloeGarfield|name:MarthaPlimpton|character:EliGarfield|name:RonRifkin,,0,LastSummerintheHamptons,108
3.54056,Drama|Foreign|Romance,0,2811,1.32366,85,job:Director|name:PhilipHaas|job:Screenplay|name:PhilipHaas|job:Screenplay|name:BelindaHaas|job:Screenplay|name:A.S.Byatt|job:Music|name:AlexanderBalanescu|job:DirectorofPhotography|name:BernardZitzermann,9/10/1995,character:WilliamAdamson|name:MarkRylance|character:MattyCrompton|name:KristinScottThomas|character:EugeniaAlabasterAdamson|name:PatsyKensit|character:SirHaraldAlabaster|name:JeremyKemp|character:EdgarAlabaster|name:DouglasHenshall|character:LadyAlabaster|name:AnnetteBadland|character:Robin|name:ChrisLarkin|character:MissMead|name:AnnaMassey,PlayhouseInternationalPictures,0,AngelsandInsects,116
3.49037,Action|Drama,10300000,4517,2.19523,86,job:Director|name:RidleyScott|job:Novel|name:CharlesGiegJr.|job:Novel|name:FelixSutton|job:Screenplay|name:ToddRobinson|job:Producer|name:MimiPolkGitlin|job:Producer|name:RockyLang|job:ExecutiveProducer|name:RidleyScott|job:OriginalMusicComposer|name:JeffRona|job:DirectorofPhotography|name:HughJohnson|job:Editor|name:GerryHambling,2/2/1996,character:CaptainChristopher'Skipper'Sheldon|name:JeffBridges|character:Dr.AliceSheldon|name:CarolineGoodall|character:McCrea|AlbatrossCrewman|name:JohnSavage|character:Charles'Chuck'Gieg|name:ScottWolf|character:FrankBeaumont|name:JeremySisto|character:GilMartin|name:RyanPhillippe,HollywoodPictures|LargoEntertainment|ScottFreeProductions,38000000,WhiteSquall,129
2.39702,Adventure|Comedy|Family,0,1039,0.07587,87,job:Director|name:KenKwapis|job:Story|name:JohnHopkins|job:Screenplay|name:JohnHopkins,1/12/1996,character:RobertGrant|name:JasonAlexander|character:Mrs.Dubrow|name:FayeDunaway|character:KyleGrant|name:EricLloyd|character:LordRutledge|name:RupertEverett|character:BrianGrant|name:GrahamSack|character:BuckLaFarge|name:PaulReubens|character:LionelSpalding|name:GlennShadix|character:VictorDubrow|name:NathanDavis|character:Mrs.Dellacroce|name:JenniferBassey|character:Nancy|name:JudithScott|character:Murray|name:BruceBeatty,20thCenturyFox|JoeWizan/ToddBlack,0,DunstonChecksIn,88
3.13043,Comedy,32,5566,2.24744,88,job:Director|name:PenelopeSpheeris|job:Writer|name:FredWolf,2/1/1996,character:MikeDonnelly|name:ChrisFarley|character:SteveDodds|name:DavidSpade|character:RobbieMieghem|name:GrantHeslov|character:AlDonnelly|name:TimMatheson|character:DrakeSabitch|name:GaryBusey|character:Neuschwander|name:BruceMcGill|character:GovernorTracy|name:ChristineEbersole|character:RogerKovary|name:TimothyCarhart|character:ScottColleary|name:MichaelPatrickCarter|character:ClydeSpinoza|name:BoydBanks|character:MotorcycleCop|name:DavidSt.James,ParamountPictures,0,BlackSheep,87
3.14024,Crime|Drama|Thriller,8175346,3330,2.54934,89,job:Director|name:JohnBadham|job:Screenplay|name:PatrickSheaneDuncan|job:Producer|name:JohnBadham|job:OriginalMusicComposer|name:ArthurB.Rubinstein|job:DirectorofPhotography|name:RoyH.Wagner|job:Editor|name:FrankMorriss|job:Editor|name:KevinStitt|job:Casting|name:CarolLewis|job:SetDesigner|name:PhilipHarrison|job:ArtDirection|name:EricOrbom,11/22/1995,character:GeneWatson|name:JohnnyDepp|character:LynnWatson|name:CourtneyChase|character:Hucy|name:CharlesS.Dutton|character:Mr.Smith|name:ChristopherWalken|character:Ms.Jones|name:RomaMaffia|character:BrendanGrant|name:PeterStrauss|character:KristaBrooks|name:GloriaReuben|character:Gov.EleanorGrant|name:MarshaMason,ParamountPictures,8169363,NickofTime,90
3.33784,Drama,0,222,0.00333,90,job:Director|name:JohnDuigan|job:Writer|name:JohnEhle,10/1/1995,character:AugustKing|name:JasonPatric|character:Annalees|name:ThandieNewton|character:OlafSingletary|name:LarryDrake|character:MooneyWright|name:SamWaterston|character:HalWright|name:EricMabius|character:IdaWright|name:Sarah-JaneWylde,,0,TheJourneyofAugustKing,91
2.86,Drama|Horror|Thriller|Romance,0,2400,1.45143,92,job:Screenplay|name:ChristopherHampton|job:Producer|name:LynnPleshette|job:Music|name:GeorgeFenton|job:DirectorofPhotography|name:PhilippeRousselot|job:Editor|name:LesleyWalker|job:Director|name:StephenFrears,2/23/1996,character:MaryReilly|name:JuliaRoberts|character:Dr.HenryJekyll/EdwardHyde|name:JohnMalkovich|character:DerButlerMr.Poole|name:GeorgeCole|character:MarysVater|name:MichaelGambon|character:Mrs.Farraday|name:GlennClose|character:Mrs.Kent|name:KathyStaff|character:Bradshaw|name:MichaelSheen|character:Annie|name:BronaghGallagher|character:Mary'sMother|name:LindaBassett|character:SirDanversCarew|name:Ciar\u00e1nHinds|character:Haffinger|name:HenryGoodman,TriStarPictures,47000000,MaryReilly,104
2.53041,Comedy|Horror|Romance,19800000,2055,2.07249,93,job:Director|name:WesCraven|job:ExecutiveProducer|name:StuartM.Besser|job:Producer|name:MarkLipsky|job:ExecutiveProducer|name:MarianneMaddalena|job:Producer|name:EddieMurphy|job:Screenplay|name:CharlieMurphy|job:Screenplay|name:MichaelLucker|job:Screenplay|name:ChrisParker|job:Music|name:J.PeterRobinson|job:DirectorofPhotography|name:MarkIrwin|job:Editor|name:PatrickLussier,10/27/1995,character:Maximillian|Pauly|Guido|name:EddieMurphy|character:DetectiveRitaVeder|name:AngelaBassett|character:DetectiveJustice|name:AllenPayne|character:JuliusJones|name:KadeemHardison|character:SilasGreen|name:JohnWitherspoon|character:Dr.Zeko|name:ZakesMokae|character:Capt.Dewey|name:JoannaCassidy,ParamountPictures,14000000,VampireinBrooklyn,100
3.52914,Comedy|Drama|Romance,0,4238,1.29828,94,job:Director|name:TedDemme|job:Screenplay|name:ScottRosenberg|job:ExecutiveProducer|name:CathyKonrad|job:ExecutiveProducer|name:BobWeinstein|job:ExecutiveProducer|name:HarveyWeinstein|job:Producer|name:CaryWoods|job:OriginalMusicComposer|name:DavidA.Stewart|job:DirectorofPhotography|name:AdamKimmel|job:Editor|name:JeffreyWolf|job:Casting|name:MargerySimkin|job:ScriptSupervisor|name:WendyLeeRoberts|job:CostumeDesign|name:LucyW.Corrigan,2/9/1996,character:Tommy'Birdman'Rowland|name:MattDillon|character:Michael'Mo'Morris|name:NoahEmmerich|character:TracyStover|name:AnnabethGish|character:DarianSmalls|name:LaurenHolly|character:WillieConway|name:TimothyHutton|character:Andera|name:UmaThurman|character:SharonCassidy|name:MiraSorvino|character:Marty|name:NataliePortman|character:PaulKirkwood|name:MichaelRapaport,MiramaxFilms|WoodsEntertainment,0,BeautifulGirls,112
3.12226,Action|Adventure|Drama|Thriller,150270147,24942,6.35484,95,job:Screenplay|name:GrahamYost|job:OriginalMusicComposer|name:HansZimmer|job:Producer|name:BillBadalato|job:Producer|name:TerenceChang|job:ExecutiveProducer|name:JoeGareri|job:ExecutiveProducer|name:ChristopherGodsick|job:ExecutiveProducer|name:BradLewis|job:ExecutiveProducer|name:DwightH.Little|job:ExecutiveProducer|name:MicheleMaples|job:DirectorofPhotography|name:PeterLevy|job:Editor|name:JoeHutshing|job:Editor|name:SteveMirkovich|job:Editor|name:JohnWright|job:Director|name:JohnWoo|job:Producer|name:MarkGordon|job:Producer|name:AllisonLyonSegan|job:Compositors|name:JohnBermudes,2/9/1996,character:Maj.Vic'Deak'Deakins|name:JohnTravolta|character:Capt.RileyHale|name:ChristianSlater|character:TerryCarmichael|name:SamanthaMathis|character:ColonelMaxWilkins|name:DelroyLindo|character:Pritchett|name:BobGunton|character:GilesPrentice|name:FrankWhaley|character:Kelly|name:HowieLong|character:ChiefSamRhodes|name:VondieCurtis-Hall|character:Chairman|JointChiefofStaff|name:JackThompson|character:Johnson|name:VytoRuginis|character:Lt.Thomas|name:OusaunElam,TwentiethCenturyFoxFilmCorporation|WCGEntertainmentProductions|MarkGordonProductions,50000000,BrokenArrow,108
3.68836,Comedy,0,507,0.00585,96,job:Director|name:KennethBranagh|job:Screenplay|name:KennethBranagh,12/1/1995,character:Henry|name:RichardBriers|character:Margaretta|name:JoanCollins|character:Joe|name:MichaelMaloney|character:Nancy|name:JenniferSaunders|character:Molly|name:HettaCharnley|character:Nina|name:JuliaSawalha|character:Carnforth|name:GerardHoran|character:Fadge|name:CeliaImrie,CastleRockEntertainment,0,AMidwinter'sTale,99
3.99741,Drama,0,2121,7.27415,97,job:Director|name:MathieuKassovitz|job:Producer|name:ChristopheRossignon|job:LineProducer|name:GillesSacuto|job:Producer|name:AlainRocca|job:Producer|name:AdelineLecallier|job:OriginalMusicComposer|name:Assassin|job:DirectorofPhotography|name:PierreA\u00efm|job:Editor|name:ScottStevenson|job:Editor|name:MathieuKassovitz|job:ProductionDesign|name:GiuseppePonturo|job:CostumeDesign|name:VirginieMontel|job:Stunts|name:GillesConseil|job:SoundDesigner|name:VincentTulli|job:SoundDesigner|name:DominiqueDalmasso|job:Screenplay|name:MathieuKassovitz,5/31/1995,character:Vinz|name:VincentCassel|character:Hubert|name:HubertKound\u00e9|character:Sa\u00efd|name:Sa\u00efdTaghmaoui|character:Abdel|name:AbdelAhmedGhili|character:Santo|name:Solo|character:Sarah|name:H\u00e9lo\u00efseRauth|character:Beno\u00eet|name:Beno\u00eetMagimel|character:Darty|name:\u00c9douardMontoute|character:InspecteurNotreDame|name:MarcDuret|character:Garsordinaire|name:JosephMomo|character:L'hommesaoul|name:VincentLindon,LeStudioCanal+,3000000,LaHaine,98
3.12203,Documentary,0,758,0.00152,99,job:Director|name:NickBroomfield|job:Producer|name:NickBroomfield|job:Cinematography|name:PaulKloss|job:Editor|name:SusanJ.Bloom|job:OriginalMusicComposer|name:DavidBergeaud|job:SoundRecordist|name:MarkA.Rozett,12/27/1995,character:Narrator|name:NickBroomfield|character:Herself|name:HeidiFleiss|character:Herself|name:MadamAlex|character:Himself|name:IvanNagy|character:Actor/Herself|name:CorinneBohrer|character:Himself|name:RonJeremy|character:Himself|name:DarylGates,BritishBroadcastingCorporation(BBC)|WestdeutscherRundfunk(WDR)|CanadianBroadcastingCorporation(CBC)|CinemaxReelLife|InPictures|LafayetteFilms,0,HeidiFleiss:HollywoodMadam,106
3.23405,Drama|Thriller,0,4373,4.82891,100,job:Director|name:HaroldBecker|job:Screenplay|name:KenLipper|job:Producer|name:HaroldBecker|job:Music|name:JerryGoldsmith|job:DirectorofPhotography|name:JohnCorso|job:Editor|name:DavidBretherton,2/16/1996,character:MayorJohnPappas|name:AlPacino|character:DeputyMayorKevinCalhoun|name:JohnCusack|character:MarybethCogan|name:BridgetFonda|character:FrankAnselmo|name:DannyAiello|character:JudgeWalterStern|name:MartinLandau|character:AbeGoodman|name:DavidPaymer|character:LarrySchwartz|name:RichardSchiff,ColumbiaPictures|CastleRockEntertainment,0,CityHall,111
3.78442,Comedy|Crime|Drama,407488,4453,5.77035,101,job:Director|name:WesAnderson|job:Author|name:WesAnderson|job:Author|name:OwenWilson|job:Screenplay|name:WesAnderson|job:Screenplay|name:OwenWilson|job:Producer|name:CynthiaHargrave|job:Producer|name:L.M.KitCarson|job:Producer|name:MichaelLang|job:Producer|name:PollyPlatt|job:Producer|name:AndrewWilson|job:Producer|name:RayZimmerman|job:ExecutiveProducer|name:BarbaraBoyle|job:ExecutiveProducer|name:JamesL.Brooks|job:ExecutiveProducer|name:RichardSakai|job:ExecutiveProducer|name:MichaelTaylor|job:OriginalMusicComposer|name:MarkMothersbaugh|job:DirectorofPhotography|name:RobertD.Yeoman|job:Editor|name:DavidMoritz,2/21/1996,character:AnthonyAdams|name:LukeWilson|character:Dignan|name:OwenWilson|character:Inez|name:LumiCavazos|character:FutureMan|name:AndrewWilson|character:BobMapplethorpe|name:RobertMusgrave|character:Bernice|name:HaleyMiller|character:Mr.Henry|name:JamesCaan|character:Dr.Nichols|name:NedDowd|character:Grace|name:SheaFowler|character:H.ClayMurchison|name:BrianTenenbaum|character:StacySinclair|name:JenniTooley,GracieFilms|ColumbiaPicturesCorporation,5000000,BottleRocket,91
2.44322,Comedy|Romance,0,2087,0.13092,102,job:Director|name:NickCastle,2/16/1996,character:MarthaAlston|name:EllenDeGeneres|character:WhitmanCrawford|name:BillPullman|character:IngaGunther|name:JoanCusack|character:JackTramonte|name:DeanStockwell|character:Mrs.Crawford|name:JoanPlowright|character:Annie|name:HopeDavis,TouchstonePictures,0,Mr.Wrong,96
3.28069,Drama|Mystery|ScienceFiction|Thriller,0,1181,0.09282,103,job:Director|name:JohnDahl|job:Screenplay|name:BillGeddie|job:Producer|name:DinoDeLaurentiis|job:Producer|name:MarthaDeLaurentiis|job:OriginalMusicComposer|name:ChristopherYoung|job:DirectorofPhotography|name:JeffJur|job:Editor|name:EricL.Beason|job:Editor|name:ScottChestnut,2/23/1996,character:Dr.DavidKrane|name:RayLiotta|character:Dr.MarthaBriggs|name:LindaFiorentino|character:DonBresler|name:PeterCoyote|character:StewartGleick|name:ChristopherMcDonald|character:CurtisAvery|name:DavidPaymer|character:MichaelStratton|name:DuncanFraser|character:LindyKrane|name:ColleenRennison|character:CaraCrane|name:CarolineElliott|character:MaryKrane|name:StellinaRusich,Metro-Goldwyn-Mayer(MGM)|DinoDeLaurentiisCompany|SpellingFilms,18000000,Unforgettable,106
3.41431,Comedy,41205099,19512,5.29592,104,job:Director|name:DennisDugan|job:Screenplay|name:TimHerlihy|job:Screenplay|name:AdamSandler|job:Producer|name:RobertSimonds|job:ExecutiveProducer|name:BernieBrillstein|job:ExecutiveProducer|name:BradGrey|job:OriginalMusicComposer|name:MarkMothersbaugh|job:DirectorofPhotography|name:ArthurAlbert|job:Editor|name:JeffGourson|job:Editor|name:SteveR.Moore,2/16/1996,character:HappyGilmore|name:AdamSandler|character:ShooterMcGavin|name:ChristopherMcDonald|character:VirginiaVenit|name:JulieBowen|character:GrandmaGilmore|name:FrancesBay|character:Chubbs|name:CarlWeathers|character:Mr.Larson|name:RichardKiel|character:Himself|name:BobBarker|character:Otto|name:AllenCovert|character:JeeringFan|name:JoeFlaherty|character:Himself|name:LeeTrevino|character:IRSAgent|name:RobertSmigel,UniversalPictures|Brillstein-GreyEntertainment|RobertSimondsProductions,10000000,HappyGilmore,92
3.32687,Drama|Romance,0,10879,6.30631,105,job:Director|name:ClintEastwood|job:Screenplay|name:RichardLaGravenese|job:Producer|name:ClintEastwood|job:Producer|name:KathleenKennedy|job:OriginalMusicComposer|name:LennieNiehaus|job:OriginalMusicComposer|name:ClintEastwood|job:DirectorofPhotography|name:JackN.Green|job:Editor|name:JoelCox|job:Novel|name:RobertJamesWaller|job:Producer|name:MichaelMaurer|job:Producer|name:TomRooker|job:Casting|name:EllenChenoweth|job:ProductionDesign|name:JeannineOppewall,9/28/1995,character:FrancescaJohnson|name:MerylStreep|character:RobertKincaid|name:ClintEastwood|character:CarolineJohnson|name:AnnieCorley|character:MichaelJohnson|name:VictorSlezak|character:RichardJohnson|name:JimHaynie|character:Carolineasayounggirl|name:SarahKathrynSchmitt|character:Michaelasayoungboy|name:ChristopherKroon|character:Betty|name:PhyllisLyons|character:Madge|name:DebraMonk|character:LawyerPeterson|name:RichardLage|character:LucyRedfield|name:MichelleBenes,AmblinEntertainment|MalpasoProductions|WarnerBros.Pictures,0,TheBridgesofMadisonCounty,135
3.42279,Drama|Comedy|Family,0,136,0.00172,106,job:Director|name:DorisD\u00f6rrie|job:Screenplay|name:DorisD\u00f6rrie|job:Producer|name:GerdHuber|job:Producer|name:RenateSeefeldt|job:OriginalMusicComposer|name:NikiReiser|job:DirectorofPhotography|name:HelgeWeindler|job:Editor|name:InezRegnier,11/7/1994,character:FannyFink|name:MariaSchrader|character:OrfeodeAltamar|name:PierreSanoussi-Bliss|character:LotharSticker|name:MichaelvonAu|character:Madeleine|name:ElisabethTrissenaar,,0,NobodyLovesMe,104
3.19784,Adventure|Comedy|Music|Family,34327391,7837,2.76873,107,job:Director|name:BrianHenson|job:Producer|name:FrankOz|job:Producer|name:BrianHenson|job:Screenplay|name:JerryJuhl|job:Novel|name:RobertLouisStevenson|job:OriginalMusicComposer|name:HansZimmer|job:Editor|name:MichaelJablow|job:DirectorofPhotography|name:JohnFenner,2/16/1996,character:LongJohnSilver|name:TimCurry|character:JimHawkins|name:KevinBishop|character:Mrs.Bluveridge|name:JenniferSaunders|character:BillyBones|name:BillyConnolly|character:|name:DaveGoelz,WaltDisneyPictures|JimHensonProductions|JimHensonCompany|The,0,MuppetTreasureIsland,100
3.03676,Documentary,0,136,0.00255,108,job:Director|name:RobertLeacock,5/16/1996,character:Herself|name:ChristyTurlington|character:Himself|name:AzzedineAla\u00efa|character:Himself|name:GiorgioArmani|character:Herself|name:NadjaAuermann|character:Herself|name:SandraBernhard|character:Herself|name:KateBetts|character:Herself|name:Brandi|character:Herself|name:CarlaBruni|character:Herself|name:NaomiCampbell|character:Himself|name:NinoCerruti|character:Herself|name:HelenaChristensen,,0,Catwalk,0
4.04209,Action|Drama|History|War,210000000,58412,25.8192,110,job:ArtDirection|name:KenCourt|job:ArtDirection|name:NathanCrowley|job:SupervisingArtDirector|name:DanielT.Dorrance|job:ArtDirection|name:JohnLucas|job:ArtDirection|name:NedMcLoughlin|job:SetDecoration|name:PeterHowitt|job:Author|name:RandallWallace|job:Director|name:MelGibson|job:Producer|name:MelGibson|job:OriginalMusicComposer|name:JamesHorner|job:DirectorofPhotography|name:JohnToll|job:Editor|name:StevenRosenblum|job:Casting|name:PatsyPollock|job:ProductionDesign|name:ThomasE.Sanders|job:Producer|name:BruceDavey|job:Producer|name:AlanLadd|Jr.|job:Screenplay|name:RandallWallace|job:Producer|name:DeanLopata|job:Producer|name:ElisabethRobinson|job:ExecutiveProducer|name:StephenMcEveety|job:CostumeDesign|name:CharlesKnode|job:MakeupArtist|name:PeterFrampton|job:Hairstylist|name:FernandesMendes|job:Hairstylist|name:SueLove|job:MakeupArtist|name:LoisBurwell|job:MakeupArtist|name:AmandaKnight|job:ProductionManager|name:MaryAlleguen|job:ArtDepartmentCoordinator|name:LisaParker|job:AssistantArtDirector|name:ClareLangan|job:AssistantArtDirector|name:PadraigO'Neill|job:AssistantArtDirector|name:AnnaRackard|job:AssistantArtDirector|name:BrendanRankin|job:PropertyMaster|name:TerryWells|job:Sculptor|name:EddieButler|job:SupervisingSoundEditor|name:PerHallberg|job:FirstAssistantSoundEditor|name:KarenBakerLanders|job:SupervisingSoundEditor|name:LonBender|job:SoundEffectsEditor|name:HectorC.Gika|job:SoundEffectsEditor|name:ChrisHogan|job:SoundEffectsEditor|name:ScottMartinGershin|job:ADR&Dubbing|name:JosephA.Mayer|job:Foley|name:HildaHodges|job:SoundEffectsEditor|name:ChristopherAssells|job:SpecialEffects|name:NickAllder|job:VisualEffectsSupervisor|name:MichaelL.Fink|job:VisualEffectsProducer|name:StevenTPuri|job:StuntCoordinator|name:SimonCrane|job:StuntCoordinator|name:MicRodgers|job:CameraOperator|name:KlemensBecker|job:CameraOperator|name:JohnClothier|job:StillPhotographer|name:AndrewCooper|job:Gaffer|name:ChuckFinch|job:FirstAssistantEditor|name:CynthiaE.Thornton|job:MusicEditor|name:JimHenrikson|job:TransportationCoordinator|name:WillieFonfe|job:UnitPublicist|name:JenniferCollen-Smith|job:LocationManager|name:JohnMcDonnell|job:LocationManager|name:GraniaO'Shannon|job:LocationManager|name:PaulShersby,5/24/1995,character:WilliamWallace|name:MelGibson|character:MurronMacClannough|name:CatherineMcCormack|character:PrincessIsabelle|name:SophieMarceau|character:KingEdward|name:PatrickMcGoohan|character:RoberttheBruce|name:AngusMacfadyen|character:HamishCampbell|name:BrendanGleeson|character:YoungWilliamWallace|name:JamesRobinson|character:Campbell|name:JamesCosmo|character:MacClannough|name:SeanMcGinley|character:MotherMacClannough|name:GerdaStevenson|character:YoungMurronMacClannough|name:MhairiCalvey,IconEntertainmentInternational|TheLaddCompany|B.H.FinanceC.V.,72000000,Braveheart,177
4.10938,Crime|Drama,28262574,26608,11.4371,111,job:Director|name:MartinScorsese|job:Producer|name:JuliaPhillips|job:Producer|name:MichaelPhillips|job:Writer|name:PaulSchrader|job:DirectorofPhotography|name:MichaelChapman|job:OriginalMusicComposer|name:BernardHerrmann|job:Casting|name:JulietTaylor|job:Editor|name:TomRolf|job:Editor|name:MelvinShapiro|job:SoundRe-RecordingMixer|name:RickAlexander|job:SoundEffectsEditor|name:GordonDavidson|job:SoundEffectsEditor|name:JamesFritch|job:SoundEffectsEditor|name:SamGemette|job:SoundEffectsEditor|name:DavidM.Horton|job:Editor|name:MarciaLucas|job:ArtDirection|name:CharlesRosen|job:SetDecoration|name:HerbertF.Mulligan|job:CostumeDesign|name:RuthMorley|job:MakeupArtist|name:IrvingBuchman|job:ProductionManager|name:PhillipM.Goldfarb|job:TransportationCoordinator|name:RaymondHartwick|job:Thanks|name:JuliaCameron,2/8/1976,character:TravisBickle|name:RobertDeNiro|character:Betsy|name:CybillShepherd|character:'Sport'Matthew|name:HarveyKeitel|character:IrisSteensma|name:JodieFoster|character:Wizard|name:PeterBoyle|character:SenatorCharlesPalantine|name:LeonardHarris|character:Tom|name:AlbertBrooks|character:ConcessionGirl|name:DiahnneAbbott|character:Policemanalrally|name:GinoArdito|character:Manincab|name:MartinScorsese|character:Iris'TimeKeeper|name:MurrayMoston,ColumbiaPicturesCorporation|Italo/JudeoProductions|Bill/Phillips,1300000,TaxiDriver,113
